,temp_air,wind_speed,wind_speed_100m,ghi,dhi,dni,Solar_kW,Wind_kW,Demand_kW,Price_EUR_per_kWh
2026-05-14 00:00:00,6.4,3.888888888888889,7.055555555555555,0.0,0.0,0.0,0.0,0.3222222222222222,7.9934283060225795,0.13998850106268237
2026-05-14 01:00:00,6.4,3.944444444444444,7.138888888888888,0.0,0.0,0.0,0.0,0.35555555555555535,6.7234713977965095,0.1571410084927911
2026-05-14 02:00:00,5.8,3.944444444444444,7.25,0.0,0.0,0.0,0.0,0.4,8.295377146171845,0.1374839600377538
2026-05-14 03:00:00,5.8,3.75,6.916666666666666,0.0,0.0,0.0,0.0,0.2833333333333332,10.046074205604922,0.15309456328399162
2026-05-14 04:00:00,5.4,3.7777777777777777,6.944444444444445,0.0,0.0,0.0,0.0,0.2888888888888889,6.532927348594195,0.14236047329043963
2026-05-14 05:00:00,5.7,3.7222222222222223,6.861111111111111,33.0,22.0,126.4,0.36841445073172696,0.2722222222222222,6.574928480842628,0.14563621542631952
2026-05-14 06:00:00,7.1,4.111111111111112,6.583333333333333,129.0,74.0,245.1,2.471172367417135,0.2166666666666666,10.780190871240281,0.13666712533328215
2026-05-14 07:00:00,8.1,4.305555555555555,6.555555555555555,300.0,113.0,492.7,7.474987752796193,0.21111111111111108,12.213663870298,0.1245151525527344
2026-05-14 08:00:00,9.1,4.305555555555555,6.444444444444444,424.0,133.0,553.5,11.681103132386356,0.18888888888888875,15.009444409196655,0.24351258388345803
2026-05-14 09:00:00,9.8,4.0,5.861111111111112,505.0,168.0,516.1,14.158417493407129,0.09305555555555557,17.033513691907185,0.2238437889163752
2026-05-14 10:00:00,9.5,3.611111111111111,5.249999999999999,571.0,195.0,499.6,15.961814666856835,0.06249999999999996,9.751969736785105,0.22681846636839464
2026-05-14 11:00:00,10.9,3.861111111111111,5.666666666666666,615.0,338.0,338.7,16.19696176965443,0.0833333333333333,6.69049653633811,0.10344234733040508
2026-05-14 12:00:00,9.1,4.305555555555555,6.138888888888889,477.0,356.0,143.3,12.070116340665633,0.12777777777777785,7.529595133954742,0.12075039196797821
2026-05-14 13:00:00,10.1,1.6944444444444442,2.4722222222222223,588.0,280.0,371.0,15.176840781657116,0.0,3.1978581922033635,0.12015278087333267
2026-05-14 14:00:00,11.4,2.305555555555556,3.194444444444444,699.0,172.0,678.6,17.625287699295487,0.001944444444444442,3.7083199087946745,0.1070956803364408
2026-05-14 15:00:00,8.6,3.944444444444444,5.722222222222222,565.0,190.0,545.9,13.724919437951767,0.08611111111111111,6.658702913468256,0.10260519548561128
2026-05-14 16:00:00,9.2,2.972222222222222,4.277777777777778,313.0,153.0,282.0,6.903730031240443,0.02111111111111111,7.791506177890932,0.11639718664008562
2026-05-14 17:00:00,9.1,3.4722222222222223,5.277777777777778,306.0,107.0,466.9,4.846842794004928,0.06388888888888888,14.986083488619508,0.249150828676591
2026-05-14 18:00:00,8.6,1.611111111111111,2.388888888888889,180.0,76.0,380.9,1.4245458435887042,0.0,19.137478370378197,0.2688207181316733
2026-05-14 19:00:00,7.9,1.8611111111111112,3.222222222222222,62.0,35.0,228.4,0.5994428063152004,0.0022222222222222188,23.39118138037588,0.2548462860174453
2026-05-14 20:00:00,7.3,1.2222222222222223,2.611111111111111,2.0,2.0,0.0,0.0,0.0,29.14708632088957,0.2698909874160371
2026-05-14 21:00:00,6.8,1.0555555555555556,2.4722222222222223,0.0,0.0,0.0,0.0,0.0,20.50197392044755,0.2729052854675067
2026-05-14 22:00:00,6.4,1.472222222222222,3.333333333333333,0.0,0.0,0.0,0.0,0.0033333333333333305,14.492645232804694,0.14502731672450883
2026-05-14 23:00:00,5.8,1.6944444444444442,3.7777777777777777,0.0,0.0,0.0,0.0,0.007777777777777777,6.967672045993987,0.15812736611237466
2026-05-15 00:00:00,5.6,2.2777777777777777,4.416666666666667,0.0,0.0,0.0,0.0,0.02666666666666668,5.911234550949748,0.13819794759401316
2026-05-15 01:00:00,5.1,1.6944444444444442,4.444444444444445,0.0,0.0,0.0,0.0,0.027777777777777787,7.221845179558612,0.13725413345207427
2026-05-15 02:00:00,4.8,1.9166666666666667,4.5,0.0,0.0,0.0,0.0,0.03,4.6980129151258545,0.15684566268610808
2026-05-15 03:00:00,4.4,1.8055555555555556,4.111111111111112,0.0,0.0,0.0,0.0,0.014444444444444465,7.751410529480215,0.14986473948618595
2026-05-15 04:00:00,4.1,2.361111111111111,4.944444444444445,0.0,0.0,0.0,0.0,0.04777777777777779,5.799956718203257,0.1556520718928321
2026-05-15 05:00:00,4.7,2.638888888888889,5.305555555555556,41.0,22.0,214.6,0.3378662058538173,0.06527777777777781,6.459814895154436,0.1470886220211426
2026-05-15 06:00:00,6.2,2.25,5.222222222222222,140.0,83.0,250.6,2.7104063333398463,0.061111111111111116,6.418352015766704,0.13472131606480786
2026-05-15 07:00:00,8.0,2.1944444444444446,3.638888888888889,294.0,122.0,449.8,7.252311029916953,0.006388888888888888,14.383350781010058,0.13904823995158383
2026-05-15 08:00:00,9.2,2.9166666666666665,4.25,454.0,134.0,605.6,12.406066865190606,0.02,15.921398731590692,0.24387195682586768
2026-05-15 09:00:00,10.1,2.9166666666666665,4.111111111111112,569.0,198.0,566.0,15.670264479294962,0.014444444444444465,13.832971746823457,0.23149234004914532
2026-05-15 10:00:00,9.7,3.194444444444444,4.583333333333333,371.0,320.0,67.6,9.133670861338432,0.03333333333333332,12.323894946616408,0.23731507144230743
2026-05-15 11:00:00,8.2,2.8055555555555554,4.166666666666667,345.0,277.0,82.9,8.697584228876787,0.016666666666666677,5.18026874353658,0.1280918099663663
2026-05-15 12:00:00,10.6,3.555555555555556,5.111111111111111,599.0,337.0,309.5,15.555110019529796,0.05555555555555554,7.463397780832184,0.10180656248661651
2026-05-15 13:00:00,11.2,3.75,5.305555555555556,577.0,311.0,319.5,14.79738059652498,0.06527777777777781,3.105078433759408,0.09586926451893382
2026-05-15 14:00:00,9.8,4.666666666666667,7.0,504.0,305.0,255.5,12.64347606352322,0.3,4.5017834760238795,0.1267369938490324
2026-05-15 15:00:00,10.6,4.583333333333333,6.833333333333334,436.0,232.0,295.9,10.529010387514127,0.2666666666666668,8.17700044368845,0.10930631352082779
2026-05-15 16:00:00,10.5,4.833333333333333,7.277777777777778,439.0,189.0,438.6,9.507967841224122,0.4111111111111111,11.2941015785506,0.13659853674731443
2026-05-15 17:00:00,9.5,4.75,7.361111111111111,270.0,110.0,372.9,4.458489564147484,0.4444444444444443,14.7003253858089,0.2557621624463989
2026-05-15 18:00:00,8.5,3.638888888888889,5.75,147.0,94.0,192.0,1.9815554644226092,0.0875,20.72222995664414,0.25494597022221327
2026-05-15 19:00:00,7.8,2.5555555555555554,4.583333333333333,55.0,37.0,148.2,0.6917192121601843,0.03333333333333332,25.613581391867886,0.2692993877620776
2026-05-15 20:00:00,7.4,1.9444444444444444,3.8333333333333335,2.0,2.0,0.0,0.0,0.008333333333333335,23.258744802311607,0.28118837507629224
2026-05-15 21:00:00,6.6,1.8611111111111112,3.861111111111111,0.0,0.0,0.0,0.0,0.008611111111111111,19.513838104631205,0.27696674659228687
2026-05-15 22:00:00,6.2,2.1944444444444446,4.305555555555555,0.0,0.0,0.0,0.0,0.022222222222222213,13.436311281509271,0.15919683443584348
2026-05-15 23:00:00,6.0,2.4722222222222223,5.055555555555555,0.0,0.0,0.0,0.0,0.05277777777777777,11.931412870858733,0.15476350100132152
2026-05-16 00:00:00,6.7,2.5555555555555554,4.972222222222221,0.0,0.0,0.0,0.0,0.04888888888888886,5.6872365791370365,0.15576829693553557
2026-05-16 01:00:00,6.5,2.6666666666666665,5.194444444444444,0.0,0.0,0.0,0.0,0.059722222222222184,2.0,0.16047586954695958
2026-05-16 02:00:00,5.4,2.6666666666666665,5.416666666666667,0.0,0.0,0.0,0.0,0.07083333333333335,5.64816800876005,0.14249004026577558
2026-05-16 03:00:00,5.0,2.5,5.277777777777778,0.0,0.0,0.0,0.0,0.06388888888888888,4.229849931956238,0.1496827489092942
2026-05-16 04:00:00,4.7,2.2777777777777777,4.972222222222221,0.0,0.0,0.0,0.0,0.04888888888888886,3.64739009742895,0.14163628325458805
2026-05-16 05:00:00,5.2,2.2777777777777777,4.694444444444444,44.0,22.0,244.4,0.32596256394380746,0.03777777777777775,6.266554972422725,0.16370753070516417
2026-05-16 06:00:00,6.7,2.0277777777777777,4.388888888888889,173.0,57.0,503.3,2.9293736944139246,0.02555555555555557,7.6837642852174,0.15503133379330816
2026-05-16 07:00:00,8.6,2.361111111111111,3.8333333333333335,327.0,79.0,643.8,8.092748420846183,0.008333333333333335,10.54135465022458,0.11327944547027666
2026-05-16 08:00:00,10.1,3.138888888888889,4.611111111111112,498.0,93.0,762.8,13.682137337970703,0.034444444444444465,12.269958134621284,0.23744531730284182
2026-05-16 09:00:00,11.2,3.7777777777777777,5.527777777777778,600.0,110.0,744.8,16.876877594438525,0.07638888888888888,13.329968853032828,0.23499404899862053
2026-05-16 10:00:00,11.6,3.8055555555555554,5.555555555555555,612.0,179.0,571.8,16.972413756589667,0.07777777777777777,9.341331985217158,0.21238348209263125
2026-05-16 11:00:00,12.1,3.9722222222222223,5.805555555555555,625.0,236.0,473.0,16.913828544223808,0.09027777777777778,7.573046297723343,0.10417038118298132
2026-05-16 12:00:00,11.1,4.222222222222222,6.0,775.0,190.0,689.2,20.89942748375846,0.1,4.0873221151320935,0.10331699439023728
2026-05-16 13:00:00,11.8,3.0277777777777777,4.388888888888889,643.0,246.0,475.6,16.681807883102167,0.02555555555555557,4.653100728191325,0.08880704734879746
2026-05-16 14:00:00,12.7,3.555555555555556,5.166666666666667,593.0,258.0,428.9,14.823285462817108,0.05833333333333335,2.9454856258086837,0.11397109674536744
2026-05-16 15:00:00,12.2,3.3888888888888884,4.944444444444445,404.0,220.0,266.0,9.650907352736988,0.04777777777777779,3.3908647237888596,0.11660735197830664
2026-05-16 16:00:00,12.2,2.888888888888889,4.361111111111111,395.0,136.0,452.3,8.34430232390223,0.02444444444444443,9.442220063348175,0.13911660206496346
2026-05-16 17:00:00,12.7,2.944444444444444,4.416666666666667,294.0,116.0,412.2,4.720660142628117,0.02666666666666668,15.070068880570606,0.2707717653400639
2026-05-16 18:00:00,12.1,2.4166666666666665,4.166666666666667,192.0,79.0,405.0,1.4553181914520668,0.016666666666666677,18.809506278259953,0.2792092857902578
2026-05-16 19:00:00,11.0,2.3333333333333335,4.888888888888889,76.0,35.0,328.9,0.5321680085070274,0.04555555555555557,26.22285457883051,0.26772033311283605
2026-05-16 20:00:00,9.9,3.138888888888889,6.499999999999999,3.0,2.0,25.6,0.0,0.19999999999999982,24.93906083314173,0.28086127952967943
2026-05-16 21:00:00,9.2,2.7222222222222223,5.861111111111112,0.0,0.0,0.0,0.0,0.09305555555555557,17.663287012210372,0.28033648195605215
2026-05-16 22:00:00,8.8,2.694444444444444,5.805555555555555,0.0,0.0,0.0,0.0,0.09027777777777778,13.080380034445675,0.14457301419729768
2026-05-16 23:00:00,8.7,3.222222222222222,6.638888888888888,0.0,0.0,0.0,0.0,0.2277777777777777,10.893241551352839,0.1598674642245203
2026-05-17 00:00:00,9.5,3.3611111111111107,6.444444444444444,0.0,0.0,0.0,0.0,0.18888888888888875,4.928347921780211,0.13611022904146478
2026-05-17 01:00:00,9.2,3.5277777777777777,6.888888888888889,0.0,0.0,0.0,0.0,0.27777777777777785,8.129287311766891,0.1528880963544616
2026-05-17 02:00:00,9.2,3.638888888888889,6.861111111111111,0.0,0.0,0.0,0.0,0.2722222222222222,2.0,0.14190026511863107
2026-05-17 03:00:00,9.1,3.7777777777777777,7.055555555555555,0.0,0.0,0.0,0.0,0.3222222222222222,6.643819501539319,0.13861700657331835
2026-05-17 04:00:00,9.3,3.861111111111111,7.194444444444444,0.0,0.0,0.0,0.0,0.3777777777777775,5.17532823451721,0.13730859604887627
2026-05-17 05:00:00,9.6,3.9166666666666665,7.138888888888888,9.0,9.0,0.0,0.08310865267270003,0.35555555555555535,4.445187693809254,0.15565345674347747
2026-05-17 06:00:00,10.1,3.4444444444444446,6.083333333333333,24.0,24.0,0.0,0.4543918368091552,0.1166666666666666,5.805286793296503,0.14391027055745828
2026-05-17 07:00:00,10.4,3.194444444444444,5.555555555555555,78.0,77.0,2.6,1.7809658916914037,0.07777777777777777,4.703656582790397,0.15170267582653674
2026-05-17 08:00:00,10.7,3.4722222222222223,5.833333333333333,96.0,96.0,0.0,2.2146463992294336,0.09166666666666666,13.509049405391536,0.25069299986518095
2026-05-17 09:00:00,11.6,4.222222222222222,6.583333333333333,179.0,179.0,0.0,4.195424896083792,0.2166666666666666,14.66261874775875,0.2525852010359714
2026-05-17 10:00:00,13.0,4.277777777777778,6.444444444444444,414.0,257.0,206.7,10.775466509335933,0.18888888888888875,11.634593211893062,0.2406889957147163
2026-05-17 11:00:00,14.1,4.25,6.361111111111111,505.0,253.0,305.7,13.329157795806001,0.17222222222222214,4.585415606931329,0.12099872759625194
2026-05-17 12:00:00,14.2,3.6944444444444446,5.388888888888888,472.0,326.0,171.6,11.788887189556638,0.06944444444444443,3.4286833850362983,0.11119874120255048
2026-05-17 13:00:00,15.4,3.4444444444444446,5.055555555555555,546.0,290.0,305.9,13.730733201622598,0.05277777777777777,4.0209045943498865,0.11491727183702236
2026-05-17 14:00:00,12.2,3.9166666666666665,5.75,431.0,259.0,219.6,10.695721652468434,0.0875,6.988959809224888,0.13130927601515383
2026-05-17 15:00:00,13.4,1.75,2.7222222222222223,393.0,256.0,197.4,9.239355674703742,0.0,6.44078019126957,0.12732751344599166
2026-05-17 16:00:00,13.6,2.694444444444444,3.9166666666666665,310.0,183.0,220.8,6.775190380704667,0.009166666666666665,6.757648011025702,0.1228142580325257
2026-05-17 17:00:00,12.4,2.0277777777777777,2.972222222222222,138.0,125.0,29.9,3.039551508041832,0.0,13.384123689655672,0.24712976184474472
2026-05-17 18:00:00,12.0,1.8888888888888888,3.5277777777777777,93.0,87.0,21.3,1.9627207844841255,0.005277777777777777,19.1476816201167,0.27554825276833333
2026-05-17 19:00:00,11.6,1.777777777777778,3.611111111111111,28.0,28.0,0.0,0.5486758041008925,0.006111111111111111,26.15307876411224,0.2540852700803335
2026-05-17 20:00:00,11.3,1.9444444444444444,3.8055555555555554,1.0,1.0,0.0,0.0,0.008055555555555554,22.811682595291757,0.281241050180526
2026-05-17 21:00:00,11.0,1.9166666666666667,3.7222222222222223,0.0,0.0,0.0,0.0,0.007222222222222224,18.298202228225083,0.2708681140208164
2026-05-17 22:00:00,10.6,1.8055555555555556,3.9722222222222223,0.0,0.0,0.0,0.0,0.009722222222222222,11.57337251716453,0.16317203095538688
2026-05-17 23:00:00,10.3,2.111111111111111,4.416666666666667,0.0,0.0,0.0,0.0,0.02666666666666668,4.890138522156663,0.15896349707320995
2026-05-18 00:00:00,10.1,2.972222222222222,5.861111111111112,0.0,0.0,0.0,0.0,0.09305555555555557,7.5922405541292655,0.1649380233160001
2026-05-18 01:00:00,9.9,3.0,5.916666666666667,0.0,0.0,0.0,0.0,0.09583333333333334,7.522110544498657,0.1455213544635513
2026-05-18 02:00:00,9.6,2.861111111111111,5.583333333333334,0.0,0.0,0.0,0.0,0.0791666666666667,7.010226983255381,0.1580156486679338
2026-05-18 03:00:00,9.1,2.888888888888889,5.75,0.0,0.0,0.0,0.0,0.0875,6.530840226038578,0.14705792740827725
2026-05-18 04:00:00,8.6,3.0,6.027777777777778,0.0,0.0,0.0,0.0,0.10555555555555554,4.170492613940039,0.14939626860911726
2026-05-18 05:00:00,8.6,3.1111111111111107,6.027777777777778,28.0,28.0,0.0,0.557665946016408,0.10555555555555554,6.2019117492102716,0.1522469085712372
2026-05-18 06:00:00,9.8,2.5,5.75,108.0,95.0,55.0,2.366071129525094,0.0875,6.936336207171959,0.15451407459852984
2026-05-18 07:00:00,10.8,3.611111111111111,5.666666666666666,271.0,150.0,309.9,6.521244191912617,0.0833333333333333,9.074239873548944,0.14606667322046615
2026-05-18 08:00:00,11.8,4.083333333333333,6.138888888888889,401.0,183.0,406.8,10.53683844798322,0.12777777777777785,15.625821757734542,0.24822780274603665
2026-05-18 09:00:00,12.8,3.6666666666666665,5.416666666666667,557.0,193.0,549.5,15.12354188118234,0.07083333333333335,16.756495318364333,0.22473173384817088
2026-05-18 10:00:00,13.6,3.8333333333333335,5.666666666666666,616.0,219.0,521.3,16.663278088914034,0.0833333333333333,14.45117692483109,0.2204818193939282
2026-05-18 11:00:00,14.4,3.888888888888889,5.638888888888889,757.0,180.0,698.1,20.3607871892424,0.08194444444444446,7.971111669142302,0.09950422517101988
2026-05-18 12:00:00,14.2,4.194444444444445,6.166666666666666,723.0,226.0,582.7,19.079957745383304,0.1333333333333332,7.560771372268203,0.08816495723196406
2026-05-18 13:00:00,14.6,3.555555555555556,5.166666666666667,711.0,225.0,579.4,18.233682692369275,0.05833333333333335,6.875526849986625,0.0867109167640824
2026-05-18 14:00:00,14.9,4.166666666666667,6.111111111111111,609.0,188.0,536.0,15.216992494679824,0.12222222222222215,3.320613143222657,0.10257291970472227
2026-05-18 15:00:00,13.4,4.111111111111112,6.222222222222221,471.0,206.0,380.6,11.1773373692408,0.1444444444444443,7.730250221051768,0.11198408841867975
2026-05-18 16:00:00,13.7,3.4722222222222223,5.194444444444444,433.0,133.0,519.5,8.994143442460507,0.059722222222222184,9.937628838441832,0.11843483872110883
2026-05-18 17:00:00,13.0,3.5277777777777777,5.249999999999999,334.0,113.0,505.5,5.140181863905707,0.06249999999999996,19.284073048399534,0.24746095838334212
2026-05-18 18:00:00,12.0,1.3888888888888888,2.055555555555556,142.0,79.0,221.2,1.6164572060220936,0.0,20.568804591858374,0.25168804585584337
2026-05-18 19:00:00,11.4,1.3611111111111112,2.4444444444444446,66.0,35.0,236.9,0.5846067874892614,0.0,26.81888346771369,0.2538817172029958
2026-05-18 20:00:00,10.4,1.6944444444444442,3.3611111111111107,4.0,3.0,23.7,0.0,0.003611111111111107,26.146365243635977,0.284631671692081
2026-05-18 21:00:00,9.9,2.1666666666666665,4.194444444444445,0.0,0.0,0.0,0.0,0.017777777777777785,18.616170446181556,0.2678331940120759
2026-05-18 22:00:00,9.4,2.1944444444444446,4.666666666666667,0.0,0.0,0.0,0.0,0.03666666666666668,16.643234452458888,0.14652979941479044
2026-05-18 23:00:00,9.0,2.4444444444444446,5.194444444444444,0.0,0.0,0.0,0.0,0.059722222222222184,11.321034483794449,0.15538941848079207
2026-05-19 00:00:00,9.3,2.611111111111111,5.472222222222222,0.0,0.0,0.0,0.0,0.07361111111111111,8.582063894086208,0.14154761663595192
2026-05-19 01:00:00,9.1,2.6666666666666665,5.805555555555555,0.0,0.0,0.0,0.0,0.09027777777777778,5.181225090549401,0.16349883551850675
2026-05-19 02:00:00,8.9,2.611111111111111,5.75,0.0,0.0,0.0,0.0,0.0875,9.805588691842658,0.15859035043246655
2026-05-19 03:00:00,8.9,2.944444444444444,6.305555555555555,0.0,0.0,0.0,0.0,0.1611111111111111,4.1963123672043094,0.13768233006936778
2026-05-19 04:00:00,9.1,2.944444444444444,6.138888888888889,0.0,0.0,0.0,0.0,0.12777777777777785,8.174948285641408,0.14752742327354784
2026-05-19 05:00:00,9.7,3.0,6.111111111111111,24.0,21.0,31.9,0.37006828236641603,0.12222222222222215,11.424113646360947,0.16032621570839084
2026-05-19 06:00:00,10.8,3.0555555555555554,5.972222222222222,56.0,55.0,4.2,1.2283575893539072,0.09861111111111111,5.640692589964122,0.15986557499262916
2026-05-19 07:00:00,11.6,2.4166666666666665,6.277777777777778,116.0,100.0,40.7,2.705232478655381,0.15555555555555553,9.54619895278664,0.14136594297702615
2026-05-19 08:00:00,12.9,3.2777777777777777,5.416666666666667,209.0,170.0,72.5,5.092612486223589,0.07083333333333335,16.147695911241843,0.25898969404460476
2026-05-19 09:00:00,13.8,3.861111111111111,6.0,273.0,242.0,46.6,6.564094987545945,0.1,14.941442296502858,0.24143391511159404
2026-05-19 10:00:00,15.4,5.638888888888889,8.527777777777777,549.0,291.0,337.9,14.365937387850723,0.9638888888888885,7.577478260277764,0.24407789234340632
2026-05-19 11:00:00,16.4,6.25,9.61111111111111,561.0,328.0,281.3,14.386930268234433,1.6888888888888887,7.759081993090679,0.10123357246438433
2026-05-19 12:00:00,16.4,6.055555555555555,9.305555555555555,376.0,312.0,74.9,9.060467103185914,1.4444444444444444,4.921063163370464,0.1376398451527575
2026-05-19 13:00:00,15.8,5.555555555555555,9.027777777777777,244.0,228.0,19.0,5.722138654729392,1.2222222222222214,7.971603542789323,0.13829512426160664
2026-05-19 14:00:00,15.3,5.111111111111111,8.36111111111111,193.0,187.0,7.6,4.481138499509377,0.8805555555555554,5.319307105353134,0.14054999415177158
2026-05-19 15:00:00,15.2,4.611111111111112,7.555555555555555,168.0,153.0,21.5,3.89223847112403,0.5222222222222221,10.88314678198528,0.13936519681393322
2026-05-19 16:00:00,15.5,4.5,7.25,252.0,222.0,51.7,5.717159929642462,0.4,8.250661833887305,0.12573990947726418
2026-05-19 17:00:00,15.1,4.888888888888889,8.444444444444445,85.0,82.0,6.8,1.873895519896835,0.9222222222222223,13.71346579101761,0.25499251267826945
2026-05-19 18:00:00,14.4,4.916666666666666,8.583333333333332,97.0,77.0,69.5,1.6741518633485764,0.991666666666666,22.58056095615996,0.2568765542789588
2026-05-19 19:00:00,14.1,4.666666666666667,8.222222222222223,36.0,30.0,44.8,0.5688380392904913,0.8111111111111116,23.754060150178553,0.2589832742990429
2026-05-19 20:00:00,13.6,4.388888888888889,8.027777777777777,4.0,4.0,0.0,0.0,0.7138888888888884,26.67070865225472,0.27838753420700263
2026-05-19 21:00:00,13.7,4.472222222222222,8.055555555555555,0.0,0.0,0.0,0.0,0.7277777777777777,23.567812029985475,0.2655037577750019
2026-05-19 22:00:00,13.6,4.305555555555555,7.888888888888888,0.0,0.0,0.0,0.0,0.6555555555555554,11.142622354306392,0.13673528029690188
2026-05-19 23:00:00,13.3,4.111111111111112,7.5,0.0,0.0,0.0,0.0,0.5,10.18643613548551,0.16407307890422435
2026-05-20 00:00:00,12.7,3.7777777777777777,7.083333333333333,0.0,0.0,0.0,0.0,0.3333333333333332,7.519765588496961,0.16151357654890278
2026-05-20 01:00:00,12.6,4.527777777777778,8.055555555555555,0.0,0.0,0.0,0.0,0.7277777777777777,8.563645743693499,0.1628325684958564
2026-05-20 02:00:00,12.2,3.861111111111111,7.111111111111112,0.0,0.0,0.0,0.0,0.3444444444444446,4.526098648214296,0.16484723467939305
2026-05-20 03:00:00,12.3,4.25,7.694444444444444,0.0,0.0,0.0,0.0,0.5777777777777775,4.359101266620319,0.1402168574765846
2026-05-20 04:00:00,12.0,4.638888888888888,8.36111111111111,0.0,0.0,0.0,0.0,0.8805555555555554,8.045117229274663,0.14688726056707976
2026-05-20 05:00:00,12.2,5.0,8.666666666666666,42.0,25.0,178.3,0.4005442031719171,1.033333333333333,7.637171741207362,0.1566135705796755
2026-05-20 06:00:00,12.9,4.527777777777778,7.749999999999999,138.0,73.0,269.2,2.5012973843218127,0.5999999999999996,8.122750940917252,0.1488016746950346
2026-05-20 07:00:00,13.7,4.666666666666667,7.361111111111111,250.0,101.0,376.9,5.974481443120332,0.4444444444444443,11.371690830986134,0.12270844442511482
2026-05-20 08:00:00,13.9,5.361111111111112,8.527777777777777,395.0,129.0,492.3,10.505055097370207,0.9638888888888885,14.588343737909579,0.2497445444214527
2026-05-20 09:00:00,14.3,5.472222222222222,8.38888888888889,338.0,201.0,205.5,8.786105854495382,0.8944444444444446,16.412900999057264,0.2368675812799252
2026-05-20 10:00:00,15.0,5.583333333333334,8.583333333333332,454.0,212.0,316.1,12.124756056116974,0.991666666666666,11.264950069007392,0.22740014910989445
2026-05-20 11:00:00,16.4,6.083333333333333,9.138888888888888,650.0,234.0,501.0,17.323106586629923,1.31111111111111,6.193253207425888,0.10208295554610675
2026-05-20 12:00:00,17.0,5.888888888888888,8.916666666666666,540.0,267.0,318.7,13.914068137835022,1.158333333333333,10.777219613112187,0.11340987076494016
2026-05-20 13:00:00,17.1,6.25,9.472222222222223,620.0,333.0,340.5,15.495391837509558,1.5777777777777786,7.972084523342534,0.10854894076857907
2026-05-20 14:00:00,17.9,6.111111111111111,9.444444444444445,585.0,201.0,486.3,14.4726305586457,1.5555555555555556,4.775548579415442,0.09678548539506496
2026-05-20 15:00:00,18.3,6.583333333333333,10.222222222222221,575.0,145.0,613.7,13.338186461259525,2.1111111111111107,9.09638518921786,0.12357530642405308
2026-05-20 16:00:00,17.1,5.861111111111112,9.277777777777777,252.0,172.0,137.4,5.521888477944652,1.4222222222222214,7.867805078105136,0.12734045586564657
2026-05-20 17:00:00,16.6,5.138888888888888,8.13888888888889,283.0,120.0,368.6,4.573205086629263,0.7694444444444447,15.931758030913864,0.24594277948152843
2026-05-20 18:00:00,16.0,4.833333333333333,8.13888888888889,175.0,89.0,296.2,1.743709105515238,0.7694444444444447,23.27071767943543,0.2767275558367657
2026-05-20 19:00:00,15.3,4.638888888888888,7.944444444444445,69.0,38.0,226.7,0.6396823635696659,0.6777777777777778,24.57442414634304,0.2818591742329823
2026-05-20 20:00:00,14.5,3.888888888888889,7.138888888888888,5.0,4.0,22.2,0.0,0.35555555555555535,28.142541041535107,0.28086382851796354
2026-05-20 21:00:00,13.9,3.861111111111111,7.277777777777778,0.0,0.0,0.0,0.0,0.4111111111111111,21.779088375293618,0.2792854822417464
2026-05-20 22:00:00,13.4,3.7777777777777777,7.055555555555555,0.0,0.0,0.0,0.0,0.3222222222222222,16.001709143417827,0.15465725941917063
2026-05-20 23:00:00,12.7,3.6944444444444446,7.0,0.0,0.0,0.0,0.0,0.3,13.610754383728795,0.15152572111827417
2026-05-21 00:00:00,12.9,3.638888888888889,6.638888888888888,0.0,0.0,0.0,0.0,0.2277777777777777,6.5092237679943725,0.1376096027973423
2026-05-21 01:00:00,11.9,3.611111111111111,6.916666666666666,0.0,0.0,0.0,0.0,0.2833333333333332,5.4925276714239,0.14725359639212096
2026-05-21 02:00:00,11.2,3.4444444444444446,6.833333333333334,0.0,0.0,0.0,0.0,0.2666666666666668,5.220971210719413,0.1461806555103694
2026-05-21 03:00:00,10.6,3.1111111111111107,6.361111111111111,0.0,0.0,0.0,0.0,0.17222222222222214,5.368393922857995,0.14279261351280978
2026-05-21 04:00:00,10.2,2.9166666666666665,6.055555555555555,0.0,0.0,0.0,0.0,0.11111111111111108,6.847030679212659,0.15670260341065753
2026-05-21 05:00:00,10.6,2.7222222222222223,5.5,52.0,27.0,259.0,0.4107455445138124,0.075,7.725506344374277,0.14871381745457277
2026-05-21 06:00:00,12.0,2.2222222222222223,5.027777777777778,179.0,64.0,471.4,2.966162996918436,0.05138888888888889,8.175146838885537,0.1290368223495899
2026-05-21 07:00:00,13.4,2.3333333333333335,3.6944444444444446,316.0,113.0,510.6,7.485135910431462,0.006944444444444447,12.33316091006423,0.12042174672661558
2026-05-21 08:00:00,14.9,2.388888888888889,3.5277777777777777,466.0,151.0,580.7,12.10760324849968,0.005277777777777777,15.974396964822374,0.24123192788752523
2026-05-21 09:00:00,16.3,2.3333333333333335,3.3888888888888884,601.0,183.0,625.3,15.882431494483479,0.003888888888888884,18.85546175904989,0.21233491596232348
2026-05-21 10:00:00,17.5,2.361111111111111,3.416666666666667,697.0,234.0,603.4,18.15096490327038,0.004166666666666669,10.149491455934117,0.22916700113801364
2026-05-21 11:00:00,18.8,2.944444444444444,4.25,798.0,206.0,711.5,20.60666613047867,0.02,13.062294376657862,0.09153528776784879
2026-05-21 12:00:00,19.4,2.7222222222222223,3.8333333333333335,740.0,288.0,526.5,18.5385465967353,0.008333333333333335,8.297005286352686,0.09695149265825327
2026-05-21 13:00:00,19.5,2.305555555555556,3.2777777777777777,564.0,370.0,229.7,13.439257522534122,0.0027777777777777766,5.310103568686394,0.11473767198063298
2026-05-21 14:00:00,20.0,1.9166666666666667,2.75,565.0,333.0,293.1,13.239437387196196,0.0,5.016370577698515,0.12227138015065019
2026-05-21 15:00:00,20.0,1.5,2.138888888888889,397.0,287.0,156.5,8.978925543442298,0.0,8.748222802436572,0.12002293965507968
2026-05-21 16:00:00,20.4,1.2777777777777777,1.75,452.0,191.0,446.5,9.154130814676627,0.0,9.370242847908077,0.12943329800730868
2026-05-21 17:00:00,20.1,1.25,1.777777777777778,312.0,146.0,373.3,5.0537360248312,0.0,15.785589811613145,0.25766933590533203
2026-05-21 18:00:00,19.9,1.0833333333333333,1.5833333333333333,223.0,76.0,501.8,1.330201331190961,0.0,21.90000177056771,0.25924623355458265
2026-05-21 19:00:00,18.3,0.2777777777777778,1.5277777777777777,88.0,41.0,336.7,0.6157536154952907,0.0,26.07013095773272,0.27961624983827393
2026-05-21 20:00:00,16.8,0.5,1.9166666666666667,7.0,5.0,43.1,0.0,0.0,24.522201346909654,0.27892278064820786
2026-05-21 21:00:00,15.9,1.1666666666666667,2.2222222222222223,0.0,0.0,0.0,0.0,0.0,17.923832072048892,0.2747535550397528
2026-05-21 22:00:00,15.6,1.75,3.083333333333333,0.0,0.0,0.0,0.0,0.0008333333333333304,13.464558919294804,0.16051745187282726
2026-05-21 23:00:00,15.1,1.9166666666666667,3.75,0.0,0.0,0.0,0.0,0.0075,11.529966007067845,0.16101882602879405
2026-05-22 00:00:00,14.4,2.1944444444444446,4.611111111111112,0.0,0.0,0.0,0.0,0.034444444444444465,7.428187488260521,0.15625088930145103
2026-05-22 01:00:00,13.9,2.5,5.472222222222222,0.0,0.0,0.0,0.0,0.07361111111111111,4.508522442714903,0.16011039985091016
2026-05-22 02:00:00,13.3,2.3333333333333335,5.277777777777778,0.0,0.0,0.0,0.0,0.06388888888888888,7.346361921672823,0.1559241438500785
2026-05-22 03:00:00,12.9,2.4166666666666665,5.444444444444445,0.0,0.0,0.0,0.0,0.07222222222222223,7.770649252246545,0.155404223152809
2026-05-22 04:00:00,12.8,2.611111111111111,5.888888888888888,1.0,1.0,0.0,0.0,0.09444444444444443,5.233519225638601,0.15355834134645552
2026-05-22 05:00:00,13.6,2.638888888888889,5.888888888888888,54.0,29.0,256.0,0.44467789648490036,0.09444444444444443,7.350652606632045,0.1563230123395585
2026-05-22 06:00:00,15.5,2.694444444444444,5.888888888888888,159.0,89.0,284.2,2.8765241101164274,0.09444444444444443,7.738182677117498,0.1316172768373762
2026-05-22 07:00:00,17.5,1.5555555555555554,5.666666666666666,350.0,74.0,690.4,8.12364970996219,0.0833333333333333,8.392853816330936,0.1384353098935991
2026-05-22 08:00:00,19.8,1.5555555555555554,2.8055555555555554,510.0,89.0,773.3,13.064998343975832,0.0,16.663967901763126,0.24417993848405167
2026-05-22 09:00:00,21.6,1.5833333333333333,2.2777777777777777,655.0,98.0,830.9,17.011454301357645,0.0,17.069962657471727,0.20773315123886094
2026-05-22 10:00:00,22.7,1.5555555555555554,2.2222222222222223,769.0,103.0,866.0,19.709937521912888,0.0,12.844907608760582,0.2239932340393306
2026-05-22 11:00:00,23.4,1.5,2.055555555555556,843.0,107.0,882.7,21.141527117432823,0.0,9.72956014754843,0.07903327317262757
2026-05-22 12:00:00,24.5,1.0555555555555556,1.3888888888888888,872.0,109.0,887.0,21.200598042861042,0.0,4.290331854908492,0.08505356562777425
2026-05-22 13:00:00,25.0,0.9444444444444444,1.3611111111111112,858.0,107.0,887.3,20.280473256916007,0.0,5.1487686016887135,0.09990930098220202
2026-05-22 14:00:00,25.3,0.75,1.0555555555555556,794.0,104.0,869.7,18.088245395004613,0.0,8.188226108238059,0.08863109363297733
2026-05-22 15:00:00,25.4,0.8611111111111112,1.1666666666666667,688.0,98.0,837.1,14.747086850470764,0.0,8.810849873774618,0.11780314981816706
2026-05-22 16:00:00,25.3,1.0,1.3611111111111112,551.0,90.0,785.8,10.315314390236715,0.0,10.847263791171875,0.13077056286361996
2026-05-22 17:00:00,24.9,1.027777777777778,1.3888888888888888,394.0,79.0,704.5,5.181925435496535,0.0,22.063051804738404,0.2555586190135683
2026-05-22 18:00:00,24.9,0.5,0.75,233.0,63.0,575.2,1.063759981937258,0.0,22.095307542806953,0.25218101961969397
2026-05-22 19:00:00,23.0,0.8611111111111112,1.8333333333333333,90.0,37.0,372.3,0.5098498878655139,0.0,28.48692006340766,0.2621682133189483
2026-05-22 20:00:00,21.6,1.4166666666666665,3.222222222222222,7.0,5.0,41.8,0.0,0.0022222222222222188,28.12379231003287,0.2735078075512723
2026-05-22 21:00:00,21.0,1.9444444444444444,4.055555555555555,0.0,0.0,0.0,0.0,0.012222222222222214,22.256309024032216,0.2844355853408227
2026-05-22 22:00:00,20.1,2.0277777777777777,4.444444444444445,0.0,0.0,0.0,0.0,0.027777777777777787,13.727050334148155,0.15395440581050004
2026-05-22 23:00:00,19.1,1.9166666666666667,4.138888888888889,0.0,0.0,0.0,0.0,0.01555555555555557,11.335106859407436,0.14279410743192478
2026-05-23 00:00:00,17.8,1.8055555555555556,3.416666666666667,0.0,0.0,0.0,0.0,0.004166666666666669,3.45434957092497,0.15402017109298832
2026-05-23 01:00:00,17.0,1.9166666666666667,2.9166666666666665,0.0,0.0,0.0,0.0,0.0,4.526362786658861,0.15119956139147567
2026-05-23 02:00:00,16.6,1.8055555555555556,2.9166666666666665,0.0,0.0,0.0,0.0,0.0,4.029272974312253,0.1583953618545343
2026-05-23 03:00:00,16.3,1.9444444444444444,3.083333333333333,0.0,0.0,0.0,0.0,0.0008333333333333304,5.163762771561516,0.13820941916480875
2026-05-23 04:00:00,16.1,2.138888888888889,3.5833333333333335,1.0,1.0,0.0,0.0,0.0058333333333333345,9.630551231387884,0.15783083707506085
2026-05-23 05:00:00,17.1,2.4722222222222223,4.444444444444445,51.0,35.0,162.1,0.6068417458125563,0.027777777777777787,2.0,0.14952056916910006
2026-05-23 06:00:00,19.6,2.055555555555556,4.194444444444445,171.0,80.0,366.1,2.883092467332349,0.017777777777777785,6.994285620974525,0.15573029462851246
2026-05-23 07:00:00,21.9,1.6666666666666665,4.055555555555555,322.0,109.0,530.1,7.281795834587939,0.012222222222222214,5.453362669612879,0.12464789019608215
2026-05-23 08:00:00,24.1,1.8055555555555556,3.083333333333333,481.0,125.0,651.7,11.967943826101136,0.0008333333333333304,13.004529449487693,0.24010807313810745
2026-05-23 09:00:00,25.3,2.3333333333333335,3.3611111111111107,616.0,149.0,694.8,15.647616393889578,0.003611111111111107,16.12629479866999,0.23867638563559798
2026-05-23 10:00:00,26.2,1.75,2.4444444444444446,756.0,102.0,848.5,19.072759660889787,0.0,8.807365160600956,0.20409730606121385
2026-05-23 11:00:00,26.9,1.777777777777778,2.5277777777777777,820.0,130.0,825.9,20.236538225557194,0.0,3.466466487620012,0.10584524883131755
2026-05-23 12:00:00,28.0,1.8888888888888888,2.5833333333333335,855.0,119.0,854.0,20.590166174670042,0.0,3.6150631723027375,0.09736416029729864
2026-05-23 13:00:00,28.5,1.8888888888888888,2.5833333333333335,845.0,105.0,872.5,19.804348447799484,0.0,6.383614179388311,0.08098665009930645
2026-05-23 14:00:00,28.7,1.9166666666666667,2.638888888888889,783.0,102.0,856.4,17.70494562518567,0.0,3.6974223103864667,0.09392198382805339
2026-05-23 15:00:00,28.6,1.972222222222222,2.7777777777777777,681.0,97.0,826.3,14.461387428051031,0.0,6.216195151114151,0.1153178622158108
2026-05-23 16:00:00,28.5,1.972222222222222,2.694444444444444,546.0,89.0,776.1,10.098645150855141,0.0,7.908312098367407,0.10844025309935129
2026-05-23 17:00:00,27.8,1.8611111111111112,2.7222222222222223,392.0,78.0,698.6,5.094175733080136,0.0,11.054388128217326,0.258048042014819
2026-05-23 18:00:00,27.6,1.9166666666666667,3.2777777777777777,233.0,62.0,573.6,1.0478968729277927,0.0027777777777777766,23.24141470007127,0.2624108295018644
2026-05-23 19:00:00,26.5,1.8055555555555556,3.2777777777777777,92.0,38.0,372.1,0.5169133043799697,0.0027777777777777766,25.483626827682485,0.27216454461918516
2026-05-23 20:00:00,25.1,1.972222222222222,3.8333333333333335,8.0,5.0,61.1,0.0,0.008333333333333335,20.16550360973125,0.2563722610143754
2026-05-23 21:00:00,22.2,2.972222222222222,4.777777777777778,0.0,0.0,0.0,0.0,0.041111111111111105,19.326435150959476,0.2811461041845713
2026-05-23 22:00:00,20.0,2.0833333333333335,4.194444444444445,0.0,0.0,0.0,0.0,0.017777777777777785,11.034015893892072,0.1642046690753219
2026-05-23 23:00:00,19.3,2.1944444444444446,4.388888888888889,0.0,0.0,0.0,0.0,0.02555555555555557,9.522035088013348,0.16406633565857073
2026-05-24 00:00:00,18.6,1.8055555555555556,3.75,0.0,0.0,0.0,0.0,0.0075,3.4149585231347124,0.15748955495228772
2026-05-24 01:00:00,18.0,1.2222222222222223,3.083333333333333,0.0,0.0,0.0,0.0,0.0008333333333333304,4.770527117205081,0.13890258720391896
2026-05-24 02:00:00,17.6,1.1944444444444444,3.083333333333333,0.0,0.0,0.0,0.0,0.0008333333333333304,6.009974627931374,0.15774789587787066
2026-05-24 03:00:00,17.4,1.6944444444444442,3.5277777777777777,0.0,0.0,0.0,0.0,0.005277777777777777,6.731524881129114,0.13573760749376404
2026-05-24 04:00:00,16.9,1.9166666666666667,3.9166666666666665,1.0,1.0,0.0,0.0,0.009166666666666665,2.6006412839293147,0.1356637065458699
2026-05-24 05:00:00,17.3,2.0833333333333335,4.333333333333333,57.0,27.0,300.7,0.37707433988999456,0.02333333333333332,4.374199923059092,0.1436411451506594
2026-05-24 06:00:00,18.7,1.777777777777778,4.666666666666667,187.0,57.0,518.5,2.906757723401429,0.03666666666666668,4.671874617903586,0.14143285497440738
2026-05-24 07:00:00,20.5,1.8611111111111112,3.0277777777777777,343.0,79.0,653.8,7.809065283954921,0.0002777777777777768,7.372135946844759,0.13601171781780813
2026-05-24 08:00:00,22.5,1.9444444444444444,2.9166666666666665,498.0,97.0,731.6,12.543593226508484,0.0,17.479301661628753,0.2399991271836691
2026-05-24 09:00:00,24.4,2.1944444444444446,3.138888888888889,638.0,108.0,786.6,16.345392027256704,0.0013888888888888883,14.758357026657167,0.2221178426711115
2026-05-24 10:00:00,25.9,2.2222222222222223,3.138888888888889,752.0,115.0,824.7,19.01547256371652,0.0013888888888888883,6.1570372137399385,0.2093929429302487
2026-05-24 11:00:00,27.0,1.972222222222222,2.694444444444444,827.0,117.0,848.2,20.41371121752215,0.0,7.457679937588177,0.10714071036763775
2026-05-24 12:00:00,28.1,1.8888888888888888,2.5,859.0,113.0,864.0,20.64366091070655,0.0,9.28998298484794,0.08936163176983748
2026-05-24 13:00:00,28.6,1.7222222222222223,2.25,846.0,108.0,868.5,19.753181027816744,0.0,7.0893492026212535,0.09263795842381305
2026-05-24 14:00:00,29.0,1.4444444444444444,1.972222222222222,783.0,107.0,848.2,17.582240374115617,0.0,2.1194156419127133,0.09014906067154649
2026-05-24 15:00:00,29.1,1.5555555555555554,2.055555555555556,677.0,112.0,797.2,14.299613185127475,0.0,4.814809826217698,0.11837482473443317
2026-05-24 16:00:00,28.9,1.5833333333333333,2.111111111111111,539.0,111.0,724.2,10.000665861269534,0.0,10.350990716933024,0.12750749388262916
2026-05-24 17:00:00,28.6,1.4166666666666665,1.9166666666666667,385.0,96.0,639.7,5.151175769664599,0.0,10.942249892191398,0.24704470028559922
2026-05-24 18:00:00,28.5,1.5,2.361111111111111,230.0,71.0,528.9,1.21427503115701,0.0,19.84116537771308,0.2540349008648486
2026-05-24 19:00:00,26.9,2.1944444444444446,3.7222222222222223,90.0,45.0,304.5,0.6798879328036563,0.007222222222222224,25.765056889905136,0.2734908222113003
2026-05-24 20:00:00,24.9,3.083333333333333,5.888888888888888,8.0,6.0,39.6,0.0,0.09444444444444443,22.361927839890296,0.2746353364284341
2026-05-24 21:00:00,23.5,3.138888888888889,5.916666666666667,0.0,0.0,0.0,0.0,0.09583333333333334,18.83447580929702,0.2631977858099463
2026-05-24 22:00:00,22.4,2.9166666666666665,5.722222222222222,0.0,0.0,0.0,0.0,0.08611111111111111,5.8750541432907015,0.1635259068675123
2026-05-24 23:00:00,21.5,2.75,5.388888888888888,0.0,0.0,0.0,0.0,0.06944444444444443,5.768393135752321,0.139531736753427
2026-05-25 00:00:00,20.5,2.5555555555555554,5.111111111111111,0.0,0.0,0.0,0.0,0.05555555555555554,6.494863697213793,0.14797004403127806
2026-05-25 01:00:00,19.8,2.25,4.777777777777778,0.0,0.0,0.0,0.0,0.041111111111111105,4.50443363620918,0.16330847760502795
2026-05-25 02:00:00,19.0,2.138888888888889,4.444444444444445,0.0,0.0,0.0,0.0,0.027777777777777787,10.264822677833731,0.14759181950778366
2026-05-25 03:00:00,18.2,2.138888888888889,4.416666666666667,0.0,0.0,0.0,0.0,0.02666666666666668,4.139731736867606,0.15415577842992256
2026-05-25 04:00:00,17.6,2.111111111111111,4.388888888888889,1.0,1.0,0.0,0.0,0.02555555555555557,6.121145124646899,0.1469278319388838
2026-05-25 05:00:00,18.0,2.0,4.138888888888889,60.0,27.0,325.1,0.3650658722129963,0.01555555555555557,7.304683549313172,0.14219327991719796
2026-05-25 06:00:00,19.9,1.3611111111111112,3.6666666666666665,192.0,56.0,538.0,2.9385217211257744,0.006666666666666665,10.50431181835773,0.15620299313021052
2026-05-25 07:00:00,22.1,0.9166666666666666,2.611111111111111,352.0,74.0,685.3,7.904648212351388,0.0,7.807070109633304,0.12490900538212187
2026-05-25 08:00:00,24.9,1.1111111111111112,1.7222222222222223,513.0,86.0,776.6,12.701513240497546,0.0,18.27472068537648,0.24587631116775588
2026-05-25 09:00:00,26.4,1.8055555555555556,2.4722222222222223,657.0,94.0,833.5,16.594206174893607,0.0,15.968859726774431,0.21493522853702735
2026-05-25 10:00:00,27.3,1.7222222222222223,2.305555555555556,773.0,101.0,868.3,19.27663745103722,0.0,8.715787820314127,0.20683815900543906
2026-05-25 11:00:00,28.4,1.5277777777777777,2.0833333333333335,849.0,103.0,889.6,20.64842294647259,0.0,8.546162992005165,0.07749673810976104
2026-05-25 12:00:00,29.0,1.611111111111111,2.0833333333333335,881.0,104.0,898.3,20.93022399449595,0.0,7.443789981969614,0.09531519274649795
2026-05-25 13:00:00,29.5,1.5277777777777777,2.0277777777777777,865.0,104.0,893.8,19.98330460525943,0.0,5.82398492720137,0.08950086323411045
2026-05-25 14:00:00,29.7,1.4444444444444444,1.9166666666666667,802.0,101.0,877.6,17.87102221197585,0.0,7.2977597438007775,0.11035380949793211
2026-05-25 15:00:00,30.0,1.5,2.111111111111111,697.0,97.0,844.3,14.577923700940275,0.0,7.012650778226681,0.1079391864207539
2026-05-25 16:00:00,30.1,2.111111111111111,2.944444444444444,561.0,94.0,787.4,10.267846394872397,0.0,10.044203109062275,0.1349866799557739
2026-05-25 17:00:00,29.9,2.7777777777777777,4.0,406.0,81.0,715.8,5.234627766801761,0.01,15.681850172471053,0.2457511991379582
2026-05-25 18:00:00,28.9,3.2499999999999996,5.194444444444444,242.0,70.0,567.5,1.1919839964619465,0.059722222222222184,24.125560153711326,0.27768525058945387
2026-05-25 19:00:00,27.1,3.1111111111111107,5.583333333333334,99.0,43.0,372.2,0.5989817549574847,0.0791666666666667,23.740157785392764,0.27660272202219466
2026-05-25 20:00:00,25.5,3.2777777777777777,6.472222222222222,10.0,7.0,58.0,0.015920483515119026,0.19444444444444445,30.481855532358995,0.2780825986381391
2026-05-25 21:00:00,24.8,3.0,5.972222222222222,0.0,0.0,0.0,0.0,0.09861111111111111,17.049350922375616,0.2803434968435066
2026-05-25 22:00:00,23.5,2.361111111111111,4.916666666666666,0.0,0.0,0.0,0.0,0.04666666666666664,14.05401863335768,0.15783071972828996
2026-05-25 23:00:00,22.5,2.1666666666666665,4.611111111111112,0.0,0.0,0.0,0.0,0.034444444444444465,10.993802831390052,0.15378660964894245
2026-05-26 00:00:00,20.9,2.4444444444444446,5.111111111111111,0.0,0.0,0.0,0.0,0.05555555555555554,7.561983735470179,0.1389373463304716
2026-05-26 01:00:00,19.8,2.4722222222222223,5.111111111111111,0.0,0.0,0.0,0.0,0.05555555555555554,5.754600960497692,0.13597578538473756
2026-05-26 02:00:00,18.9,2.25,4.916666666666666,0.0,0.0,0.0,0.0,0.04666666666666664,6.583755569255909,0.1626254354344706
2026-05-26 03:00:00,18.2,2.111111111111111,4.638888888888888,0.0,0.0,0.0,0.0,0.035555555555555535,6.0140126234712055,0.15349950943562213
2026-05-26 04:00:00,17.8,1.75,4.166666666666667,1.0,1.0,0.0,0.0,0.016666666666666677,5.822504584152444,0.15889611872928527
2026-05-26 05:00:00,18.3,1.777777777777778,3.861111111111111,64.0,28.0,347.3,0.37277634699168416,0.008611111111111111,8.74240658878304,0.14839067290925875
2026-05-26 06:00:00,20.4,1.611111111111111,3.7777777777777777,203.0,57.0,573.2,3.0718970279062936,0.007777777777777777,8.335796212155593,0.1298254427251175
2026-05-26 07:00:00,22.5,1.1944444444444444,3.222222222222222,365.0,73.0,716.6,8.15481834078316,0.0022222222222222188,9.292975221470874,0.11567655026599416
2026-05-26 08:00:00,24.8,1.4166666666666665,2.1666666666666665,526.0,85.0,799.7,13.00622770276273,0.0,17.747592931933063,0.2387579185799754
2026-05-26 09:00:00,26.8,1.25,1.6944444444444442,669.0,93.0,850.9,16.739257326597393,0.0,16.562992646488475,0.22053525666014068
2026-05-26 10:00:00,28.3,1.027777777777778,1.3611111111111112,782.0,100.0,879.6,19.223845532671398,0.0,12.30452936008795,0.20661016656070774
2026-05-26 11:00:00,29.5,0.8055555555555555,1.0555555555555556,856.0,102.0,897.6,20.493980578939073,0.0,8.881213727325848,0.0917476407355739
2026-05-26 12:00:00,30.3,0.888888888888889,1.0833333333333333,886.0,104.0,902.5,20.70142884324016,0.0,5.38768056897853,0.07833897127830165
2026-05-26 13:00:00,31.0,0.9444444444444444,1.2222222222222223,868.0,103.0,896.8,19.744222384953094,0.0,5.904056601125021,0.0965808436857453
2026-05-26 14:00:00,31.1,1.1666666666666667,1.5,806.0,101.0,880.7,17.75231924448116,0.0,8.652742784067264,0.09282880645380426
2026-05-26 15:00:00,31.0,1.8055555555555556,2.305555555555556,703.0,96.0,851.9,14.625445891553262,0.0,9.00401850281713,0.11753516926722579
2026-05-26 16:00:00,30.5,2.361111111111111,3.1666666666666665,568.0,87.0,808.2,10.342037953866315,0.0016666666666666653,9.775365230631483,0.11504176569884778
2026-05-26 17:00:00,30.0,2.361111111111111,3.138888888888889,414.0,76.0,740.7,5.275400647276773,0.0013888888888888883,14.592243590046523,0.25372664644972787
2026-05-26 18:00:00,30.0,1.7222222222222223,2.305555555555556,252.0,61.0,625.2,1.0409162401851748,0.0,23.50885631299747,0.25240270994097397
2026-05-26 19:00:00,28.4,2.111111111111111,3.8333333333333335,104.0,39.0,424.7,0.49743659080528935,0.008333333333333335,25.032646005374804,0.2557656069393198
2026-05-26 20:00:00,26.2,2.9166666666666665,5.611111111111111,11.0,7.0,75.5,0.01373296421730233,0.08055555555555555,27.30998354538654,0.26673594090872726
2026-05-26 21:00:00,24.9,2.361111111111111,5.027777777777778,0.0,0.0,0.0,0.0,0.05138888888888889,20.549141216552833,0.2693981650415137
2026-05-26 22:00:00,24.1,2.305555555555556,4.888888888888889,0.0,0.0,0.0,0.0,0.04555555555555557,13.922226416974405,0.1530006164435791
2026-05-26 23:00:00,23.1,2.638888888888889,5.361111111111112,0.0,0.0,0.0,0.0,0.06805555555555558,12.01472212239528,0.1437498773612791
2026-05-27 00:00:00,21.3,2.861111111111111,5.638888888888889,0.0,0.0,0.0,0.0,0.08194444444444446,8.650832697976174,0.15584945658379626
2026-05-27 01:00:00,20.9,2.694444444444444,5.527777777777778,0.0,0.0,0.0,0.0,0.07638888888888888,8.627019272140156,0.16080367191567613
2026-05-27 02:00:00,20.4,2.6666666666666665,5.444444444444445,0.0,0.0,0.0,0.0,0.07222222222222223,9.610957684279118,0.15839552966680048
2026-05-27 03:00:00,19.5,2.638888888888889,5.305555555555556,0.0,0.0,0.0,0.0,0.06527777777777781,7.042022176054389,0.13618856476045071
2026-05-27 04:00:00,18.6,2.861111111111111,5.527777777777778,2.0,2.0,0.0,0.0,0.07638888888888888,8.365140040630795,0.14941520841773487
2026-05-27 05:00:00,18.5,2.7777777777777777,5.666666666666666,63.0,28.0,331.1,0.3799267062558262,0.0833333333333333,6.422668881554078,0.13707267142144272
2026-05-27 06:00:00,19.5,3.0277777777777777,4.638888888888888,196.0,57.0,541.7,2.994863714608033,0.035555555555555535,8.270097945202382,0.1337855601932998
2026-05-27 07:00:00,20.6,2.7777777777777777,4.194444444444445,353.0,76.0,677.0,7.98131528311031,0.017777777777777785,10.418508303256813,0.14201188683575597
2026-05-27 08:00:00,22.4,2.638888888888889,3.8333333333333335,507.0,89.0,755.8,12.743853018266842,0.008333333333333335,16.142385111051997,0.22320837516494765
2026-05-27 09:00:00,24.2,2.75,3.9166666666666665,634.0,107.0,776.8,16.232326539005005,0.009166666666666665,17.138707655609085,0.2240273937214997
2026-05-27 10:00:00,25.6,2.944444444444444,4.194444444444445,713.0,125.0,757.0,18.12175359144392,0.017777777777777785,9.042363755943084,0.22225813693801263
2026-05-27 11:00:00,26.8,2.972222222222222,4.194444444444445,769.0,145.0,741.6,19.149826150876525,0.017777777777777785,11.806730594849544,0.10187785678299882
2026-05-27 12:00:00,27.2,3.138888888888889,4.333333333333333,825.0,125.0,806.5,20.125110678941102,0.02333333333333332,5.03363582782327,0.09483320680387398
2026-05-27 13:00:00,27.4,3.2777777777777777,4.611111111111112,722.0,162.0,655.3,17.28063239352059,0.034444444444444465,4.596041455943495,0.08638705487140189
2026-05-27 14:00:00,27.8,3.222222222222222,4.5,680.0,152.0,658.2,15.652350644026134,0.03,9.474377320820876,0.10049598327444031
2026-05-27 15:00:00,27.9,3.416666666666667,4.805555555555555,613.0,131.0,674.7,13.219806636431183,0.04222222222222222,9.366603359876073,0.11311785763577371
2026-05-27 16:00:00,27.6,3.638888888888889,5.166666666666667,533.0,103.0,720.1,9.98583785717656,0.05833333333333335,11.06540805266409,0.10937498694903848
2026-05-27 17:00:00,27.0,3.6944444444444446,5.277777777777778,397.0,81.0,689.2,5.230500046620399,0.06388888888888888,15.61427984195752,0.25071592350052707
2026-05-27 18:00:00,26.1,3.611111111111111,5.388888888888888,242.0,65.0,574.8,1.1551730713943797,0.06944444444444443,20.92903297572679,0.2527268277390828
2026-05-27 19:00:00,24.8,3.4722222222222223,5.555555555555555,100.0,40.0,385.6,0.5486894681046637,0.07777777777777777,24.4212800400748,0.2558045039988546
2026-05-27 20:00:00,23.5,3.416666666666667,6.0,11.0,7.0,73.7,0.01584373783093294,0.1,26.367397899433914,0.26686285878350485
2026-05-27 21:00:00,22.4,3.4444444444444446,6.277777777777778,0.0,0.0,0.0,0.0,0.15555555555555553,19.599203098396398,0.25898147262129184
2026-05-27 22:00:00,21.3,3.222222222222222,5.972222222222222,0.0,0.0,0.0,0.0,0.09861111111111111,16.30782829026435,0.15202622544784675
2026-05-27 23:00:00,20.4,3.2777777777777777,6.138888888888889,0.0,0.0,0.0,0.0,0.12777777777777785,9.523053655416623,0.15568394907411798
2026-05-28 00:00:00,19.1,3.083333333333333,5.805555555555555,0.0,0.0,0.0,0.0,0.09027777777777778,5.349005606415091,0.15901760097327247
2026-05-28 01:00:00,18.2,3.1666666666666665,5.916666666666667,0.0,0.0,0.0,0.0,0.09583333333333334,6.3572283168328925,0.1410045073273443
2026-05-28 02:00:00,17.4,3.1666666666666665,5.972222222222222,0.0,0.0,0.0,0.0,0.09861111111111111,7.825862978521708,0.14002447746777208
2026-05-28 03:00:00,16.5,3.0555555555555554,5.805555555555555,0.0,0.0,0.0,0.0,0.09027777777777778,5.872565387180922,0.138137035210032
2026-05-28 04:00:00,15.8,2.944444444444444,5.638888888888889,2.0,2.0,0.0,0.0,0.08194444444444446,5.3567933069080045,0.1540929074863091
2026-05-28 05:00:00,15.9,2.638888888888889,5.277777777777778,64.0,29.0,325.1,0.4071269539389481,0.06388888888888888,7.530576817724814,0.15504205820200218
2026-05-28 06:00:00,17.1,2.5833333333333335,3.9722222222222223,196.0,58.0,534.1,3.0268311270034713,0.009722222222222222,8.111698382442944,0.12738132280568204
2026-05-28 07:00:00,18.7,2.361111111111111,3.611111111111111,353.0,77.0,671.9,8.01859167755979,0.006111111111111111,9.664908061249923,0.14039288017148213
2026-05-28 08:00:00,20.8,2.4166666666666665,3.555555555555556,510.0,88.0,761.1,12.8754845786579,0.005555555555555558,15.006316569829915,0.22012011574435336
2026-05-28 09:00:00,22.9,2.5833333333333335,3.6944444444444446,652.0,98.0,815.0,16.748963660891174,0.006944444444444447,16.41249347945053,0.22383749988967003
2026-05-28 10:00:00,24.6,2.7222222222222223,3.7777777777777777,764.0,103.0,849.5,19.400738918114577,0.007777777777777777,7.782636439415381,0.2213656128087974
2026-05-28 11:00:00,26.0,2.5,3.4444444444444446,839.0,107.0,868.6,20.782115759926523,0.004444444444444446,4.807028494725514,0.10231342412199407
2026-05-28 12:00:00,27.1,2.6666666666666665,3.5833333333333335,870.0,108.0,876.6,21.027579112076136,0.0058333333333333345,5.608782148317802,0.09691227037001
2026-05-28 13:00:00,27.8,2.0277777777777777,2.7222222222222223,856.0,106.0,876.2,19.98997156500835,0.0,6.597524378095265,0.10247804719274942
2026-05-28 14:00:00,28.2,2.0277777777777777,2.7222222222222223,793.0,103.0,858.5,17.842560113148217,0.0,7.7799707050167495,0.0946871186166123
2026-05-28 15:00:00,28.4,2.138888888888889,2.9166666666666665,692.0,98.0,829.4,14.601628496033486,0.0,10.733990405849305,0.11812055548218552
2026-05-28 16:00:00,28.1,2.4166666666666665,3.333333333333333,563.0,87.0,794.5,10.362269277330743,0.0033333333333333305,11.532487664963819,0.10807709547523663
2026-05-28 17:00:00,27.5,2.6666666666666665,3.638888888888889,404.0,81.0,701.2,5.286985220880929,0.006388888888888888,14.037711763502106,0.26688175605488906
2026-05-28 18:00:00,26.9,2.9166666666666665,4.027777777777778,247.0,63.0,593.1,1.126602850920913,0.011111111111111106,20.91549410561524,0.26823936259356496
2026-05-28 19:00:00,25.6,2.638888888888889,4.138888888888889,102.0,40.0,392.2,0.5422986072185471,0.01555555555555557,24.210730053770845,0.2779841690149876
2026-05-28 20:00:00,24.6,2.8055555555555554,5.083333333333333,11.0,7.0,72.1,0.015257180323163668,0.05416666666666665,26.178762511061684,0.26852636905459576
2026-05-28 21:00:00,23.9,2.7777777777777777,5.472222222222222,0.0,0.0,0.0,0.0,0.07361111111111111,20.376209243580345,0.27430733085589576
2026-05-28 22:00:00,23.0,3.0277777777777777,5.777777777777778,0.0,0.0,0.0,0.0,0.08888888888888889,15.003025944105026,0.1507920798280834
2026-05-28 23:00:00,22.4,3.083333333333333,6.166666666666666,0.0,0.0,0.0,0.0,0.1333333333333332,8.162706531316255,0.15694768565265996
2026-05-29 00:00:00,21.8,3.0555555555555554,6.444444444444444,0.0,0.0,0.0,0.0,0.18888888888888875,8.038693028482458,0.13744889946091768
2026-05-29 01:00:00,21.8,3.1666666666666665,6.555555555555555,0.0,0.0,0.0,0.0,0.21111111111111108,10.065477826144035,0.1368105625197169
2026-05-29 02:00:00,21.5,2.2222222222222223,4.777777777777778,0.0,0.0,0.0,0.0,0.041111111111111105,6.782479773056744,0.14241309702030439
2026-05-29 03:00:00,20.8,2.5,5.277777777777778,0.0,0.0,0.0,0.0,0.06388888888888888,7.803437936986754,0.13978634040339566
2026-05-29 04:00:00,21.2,3.2499999999999996,6.916666666666666,2.0,2.0,0.0,0.0,0.2833333333333332,8.381522081463093,0.16115350699776604
2026-05-29 05:00:00,22.2,3.194444444444444,6.555555555555555,59.0,36.0,210.0,0.583771788002361,0.21111111111111108,6.240761450969317,0.13992428192116657
2026-05-29 06:00:00,23.5,2.8055555555555554,7.5,191.0,64.0,488.4,2.914512722511899,0.5,8.069950203846332,0.1560275694452806
2026-05-29 07:00:00,25.1,2.138888888888889,3.2499999999999996,352.0,74.0,674.3,7.735810765359202,0.0024999999999999957,10.703979213555773,0.12321368729758193
2026-05-29 08:00:00,27.1,2.0,3.0555555555555554,513.0,88.0,764.6,12.50665389012368,0.0005555555555555536,16.143745378164223,0.2250683456986956
2026-05-29 09:00:00,28.0,2.2777777777777777,3.138888888888889,547.0,186.0,530.1,13.471669845270062,0.0013888888888888883,14.402374037024323,0.24056466325392162
2026-05-29 10:00:00,28.8,3.3055555555555554,4.777777777777778,443.0,241.0,259.2,10.697411478629936,0.041111111111111105,10.727825470927915,0.24448639444113157
2026-05-29 11:00:00,30.0,3.5277777777777777,5.0,576.0,278.0,353.1,13.808849906299848,0.05,8.617952625969524,0.11086532326080574
2026-05-29 12:00:00,31.9,5.277777777777778,7.555555555555555,854.0,214.0,735.1,20.359982591478357,0.5222222222222221,9.947957806412758,0.09403993975072922
2026-05-29 13:00:00,32.1,4.5,6.611111111111111,789.0,231.0,650.8,18.296863144598458,0.22222222222222215,8.942960333689372,0.10479393916174393
2026-05-29 14:00:00,31.1,4.194444444444445,6.305555555555555,605.0,279.0,404.8,13.615174139184072,0.1611111111111111,11.464520488843853,0.10332121750835807
2026-05-29 15:00:00,26.0,4.888888888888889,7.111111111111112,555.0,217.0,470.8,12.215431769686107,0.3444444444444446,6.248582846174102,0.13031901600809206
2026-05-29 16:00:00,22.5,1.8333333333333333,3.194444444444444,240.0,203.0,61.6,5.209168697467682,0.001944444444444442,11.561809692001136,0.14950128046852743
2026-05-29 17:00:00,23.5,1.7222222222222223,2.75,160.0,107.0,114.5,2.930225885241627,0.0,14.724272834905664,0.2662169124003204
2026-05-29 18:00:00,23.3,1.3055555555555556,2.0833333333333335,126.0,112.0,44.8,2.4096491117615195,0.0,25.333132387855965,0.2541667042679225
2026-05-29 19:00:00,22.0,3.4722222222222223,5.222222222222222,63.0,49.0,87.2,0.9419872149803366,0.061111111111111116,24.59919221233616,0.2727409209257406
2026-05-29 20:00:00,21.4,0.8333333333333333,2.861111111111111,9.0,8.0,17.7,0.04622857139213551,0.0,24.53634509868491,0.2570351203806748
2026-05-29 21:00:00,21.0,1.75,3.5833333333333335,0.0,0.0,0.0,0.0,0.0058333333333333345,19.754741230532577,0.2559195750661742
2026-05-29 22:00:00,21.0,1.611111111111111,3.2499999999999996,0.0,0.0,0.0,0.0,0.0024999999999999957,10.109797374809233,0.1427304866553364
2026-05-29 23:00:00,20.1,1.9166666666666667,3.888888888888889,0.0,0.0,0.0,0.0,0.008888888888888889,8.765658375059378,0.1488786887021795
2026-05-30 00:00:00,19.8,3.083333333333333,5.222222222222222,0.0,0.0,0.0,0.0,0.061111111111111116,3.4817346768927178,0.1610481751622514
2026-05-30 01:00:00,19.2,2.2777777777777777,4.222222222222222,0.0,0.0,0.0,0.0,0.018888888888888893,5.300787573091294,0.15681507209298923
2026-05-30 02:00:00,19.0,1.6944444444444442,3.5277777777777777,0.0,0.0,0.0,0.0,0.005277777777777777,5.683512021524779,0.15728119563599943
2026-05-30 03:00:00,18.0,1.3611111111111112,2.055555555555556,0.0,0.0,0.0,0.0,0.0,8.752356171220644,0.14776480003344225
2026-05-30 04:00:00,18.0,0.5277777777777778,1.972222222222222,1.0,1.0,0.0,0.0,0.0,6.902081774412967,0.1453780497764089
2026-05-30 05:00:00,18.0,2.7777777777777777,5.222222222222222,48.0,28.0,179.7,0.44954566963810344,0.061111111111111116,3.889395083416183,0.1448588997145203
2026-05-30 06:00:00,17.0,2.972222222222222,5.694444444444445,159.0,69.0,344.0,2.641633863793785,0.08472222222222223,3.824935897528782,0.15715337555394018
2026-05-30 07:00:00,17.4,4.25,7.25,86.0,76.0,24.2,1.9146764461855423,0.4,9.662632755005195,0.1307845330003594
2026-05-30 08:00:00,18.3,2.5555555555555554,4.333333333333333,229.0,134.0,170.5,5.61884428185077,0.02333333333333332,11.307926767025275,0.26510900399363474
2026-05-30 09:00:00,19.5,1.1944444444444444,2.0,456.0,224.0,340.0,11.421278734514269,0.0,17.611311136443966,0.24003680031117205
2026-05-30 10:00:00,20.4,0.25,0.3333333333333333,367.0,265.0,130.7,8.791842070181604,0.0,11.037685363852603,0.2432765925857736
2026-05-30 11:00:00,23.3,0.5277777777777778,0.7222222222222222,819.0,126.0,819.9,20.154325157219784,0.0,4.683604739269215,0.09971879595839776
2026-05-30 12:00:00,22.2,2.888888888888889,4.166666666666667,854.0,131.0,829.2,21.14859480739724,0.016666666666666677,2.0,0.08974724305929672
2026-05-30 13:00:00,24.8,1.5555555555555554,2.138888888888889,808.0,202.0,705.6,19.01676086676629,0.0,7.732163429849785,0.10738319404639482
2026-05-30 14:00:00,25.9,1.777777777777778,2.5,672.0,206.0,577.6,15.368203902987688,0.0,4.929075883315504,0.1185273661520078
2026-05-30 15:00:00,23.8,4.277777777777778,6.083333333333333,610.0,170.0,611.5,13.447765140910017,0.1166666666666666,8.258910595897124,0.10959298876105182
2026-05-30 16:00:00,22.9,1.0833333333333333,1.5555555555555554,324.0,179.0,240.5,6.646369364379957,0.0,4.628313100971045,0.12449488520444524
2026-05-30 17:00:00,23.5,0.6666666666666666,0.9444444444444444,228.0,156.0,154.9,4.20592487352548,0.0,11.158838777521414,0.26086728467984394
2026-05-30 18:00:00,20.6,0.6388888888888888,2.944444444444444,164.0,127.0,117.6,2.6990836344906683,0.0,18.96401392085699,0.2747321999062762
2026-05-30 19:00:00,21.4,1.6388888888888888,3.083333333333333,37.0,36.0,6.1,0.7044167326661176,0.0008333333333333304,24.309749970575947,0.25932628964582766
2026-05-30 20:00:00,20.2,2.5277777777777777,5.055555555555555,4.0,4.0,0.0,0.0,0.05277777777777777,23.315657840087976,0.2736889975069045
2026-05-30 21:00:00,20.1,3.8333333333333335,7.694444444444444,0.0,0.0,0.0,0.0,0.5777777777777775,20.19922638611562,0.27394680660277565
2026-05-30 22:00:00,19.8,0.6666666666666666,2.4444444444444446,0.0,0.0,0.0,0.0,0.0,10.222347964663658,0.15699339067245843
2026-05-30 23:00:00,19.3,1.25,1.972222222222222,0.0,0.0,0.0,0.0,0.0,7.5324094483783135,0.1389470305538178
2026-05-31 00:00:00,18.5,4.166666666666667,8.11111111111111,0.0,0.0,0.0,0.0,0.7555555555555553,5.240591263423911,0.15647474894046265
2026-05-31 01:00:00,18.5,4.416666666666667,8.555555555555555,0.0,0.0,0.0,0.0,0.9777777777777776,6.028877668256377,0.16227097561996923
2026-05-31 02:00:00,17.8,5.722222222222222,10.277777777777777,0.0,0.0,0.0,0.0,2.1388888888888884,6.423229826148239,0.14039049326610725
2026-05-31 03:00:00,17.5,4.916666666666666,9.333333333333334,0.0,0.0,0.0,0.0,1.4666666666666672,2.7507303091131328,0.14212629974771632
2026-05-31 04:00:00,17.5,4.611111111111112,8.444444444444445,2.0,2.0,0.0,0.0,0.9222222222222223,2.0,0.16414185282124918
2026-05-31 05:00:00,17.5,3.75,6.694444444444445,60.0,37.0,203.7,0.6232877550530151,0.2388888888888889,7.598556038538007,0.13866533639391643
2026-05-31 06:00:00,17.6,2.638888888888889,3.944444444444444,157.0,102.0,209.1,2.9248464373394873,0.009444444444444443,6.286393264184682,0.1523539190340785
2026-05-31 07:00:00,18.3,3.4722222222222223,5.194444444444444,301.0,147.0,371.1,6.813392139720833,0.059722222222222184,7.181821338879075,0.1304856943473443
2026-05-31 08:00:00,18.7,3.7222222222222223,5.638888888888889,255.0,240.0,26.9,5.858826169526132,0.08194444444444446,17.050697132111605,0.24583581647956404
2026-05-31 09:00:00,20.4,4.166666666666667,6.166666666666666,426.0,317.0,159.5,10.18217195506164,0.1333333333333332,14.179742873320974,0.25230584214624324
2026-05-31 10:00:00,22.4,4.444444444444445,6.499999999999999,659.0,235.0,542.5,16.743580603368212,0.19999999999999982,11.037399490537682,0.22097300211941653
2026-05-31 11:00:00,22.8,4.555555555555555,6.694444444444445,551.0,386.0,195.0,13.10696871165131,0.2388888888888889,5.756993006298842,0.11335037256087906
2026-05-31 12:00:00,22.1,4.805555555555555,7.055555555555555,423.0,333.0,103.1,9.922325424548712,0.3222222222222222,9.167166440586648,0.11769574015391299
2026-05-31 13:00:00,21.9,4.861111111111111,7.166666666666667,529.0,404.0,145.3,12.282879674110067,0.3666666666666668,8.535100366405368,0.11802663915867917
2026-05-31 14:00:00,22.4,5.166666666666667,7.749999999999999,546.0,362.0,227.6,12.623887837005768,0.5999999999999996,4.660227276862593,0.10417873957580338
2026-05-31 15:00:00,21.6,5.0,7.555555555555555,361.0,290.0,98.4,8.134138481089442,0.5222222222222221,7.726419873858912,0.12371194885326363
2026-05-31 16:00:00,21.2,4.944444444444445,7.527777777777778,320.0,236.0,138.9,6.882984639055785,0.5111111111111111,9.107920317730075,0.14460277397618096
2026-05-31 17:00:00,20.5,4.944444444444445,7.666666666666667,265.0,192.0,156.4,5.101218826999493,0.5666666666666668,15.094851938493658,0.24830699846818072
2026-05-31 18:00:00,20.1,4.5,7.111111111111112,156.0,107.0,154.6,2.255172221229973,0.3444444444444446,17.02367960026041,0.268319717090234
2026-05-31 19:00:00,19.2,4.027777777777778,6.472222222222222,81.0,52.0,175.5,0.9479338969309329,0.19444444444444445,25.58789170304334,0.2620729458223673
2026-05-31 20:00:00,18.2,3.1111111111111107,5.527777777777778,12.0,9.0,50.9,0.0681213525522168,0.07638888888888888,26.33263775674564,0.2780114029283364
2026-05-31 21:00:00,17.5,3.416666666666667,5.972222222222222,0.0,0.0,0.0,0.0,0.09861111111111111,15.436047548574392,0.2589262098215505
2026-05-31 22:00:00,16.5,3.555555555555556,6.166666666666666,0.0,0.0,0.0,0.0,0.1333333333333332,9.991071798097297,0.16409463135235633
2026-05-31 23:00:00,15.4,2.888888888888889,5.305555555555556,0.0,0.0,0.0,0.0,0.06527777777777781,3.738704062900699,0.14861368624150917
2026-06-01 00:00:00,14.4,2.694444444444444,5.111111111111111,0.0,0.0,0.0,0.0,0.05555555555555554,6.461186331110998,0.14208151390039392
2026-06-01 01:00:00,13.9,2.9166666666666665,5.638888888888889,0.0,0.0,0.0,0.0,0.08194444444444446,8.435084511730803,0.13720490241990038
2026-06-01 02:00:00,13.4,2.861111111111111,5.638888888888889,0.0,0.0,0.0,0.0,0.08194444444444446,10.004714174162515,0.1400927371526262
2026-06-01 03:00:00,13.1,2.8055555555555554,5.5,0.0,0.0,0.0,0.0,0.075,7.1482040536284215,0.15059321845668053
2026-06-01 04:00:00,12.9,2.7777777777777777,5.472222222222222,3.0,3.0,0.0,0.0,0.07361111111111111,10.25846518918345,0.14511009529293858
2026-06-01 05:00:00,13.5,2.305555555555556,5.666666666666666,66.0,32.0,297.0,0.48389528066922893,0.0833333333333333,4.282999478311206,0.15849702466352444
2026-06-01 06:00:00,14.9,2.25,3.7777777777777777,201.0,62.0,525.6,3.1200462555373814,0.007777777777777777,4.215000361515189,0.13909655521119293
2026-06-01 07:00:00,16.6,2.055555555555556,3.0277777777777777,333.0,118.0,516.5,7.544834711304105,0.0002777777777777768,10.567699014198945,0.1211087247414783
2026-06-01 08:00:00,18.2,2.0833333333333335,2.944444444444444,475.0,160.0,563.0,11.831732681839108,0.0,16.716524078945174,0.24002925830611394
2026-06-01 09:00:00,19.8,2.305555555555556,3.2777777777777777,609.0,191.0,610.7,15.491625287055175,0.0027777777777777766,15.883004108547071,0.23236033078775703
2026-06-01 10:00:00,20.8,2.833333333333333,4.0,663.0,278.0,491.9,16.609768558199896,0.01,6.543920922330276,0.2130038043587085
2026-06-01 11:00:00,21.9,3.555555555555556,5.0,755.0,278.0,562.9,18.807160325039902,0.05,7.443715964453047,0.08680226573925184
2026-06-01 12:00:00,21.8,3.3055555555555554,4.75,621.0,312.0,353.5,15.148675046729638,0.04,4.436731589812967,0.09322774359708673
2026-06-01 13:00:00,22.0,3.0,4.361111111111111,434.0,344.0,104.5,10.015959271253498,0.02444444444444443,8.363763779179036,0.12874580554631704
2026-06-01 14:00:00,22.5,3.1111111111111107,4.472222222222222,464.0,349.0,142.0,10.5770968178929,0.028888888888888895,7.891352066014437,0.12497980059006525
2026-06-01 15:00:00,22.7,3.4722222222222223,4.972222222222221,455.0,267.0,260.1,10.152132601315332,0.04888888888888886,5.903518399295491,0.12050728602124056
2026-06-01 16:00:00,22.5,3.1111111111111107,4.555555555555555,277.0,220.0,94.0,5.9660444386095755,0.032222222222222215,8.789434583886392,0.14344055834507022
2026-06-01 17:00:00,22.6,3.416666666666667,4.972222222222221,323.0,162.0,343.5,5.323823867680885,0.04888888888888886,12.239161779651058,0.26410310358149863
2026-06-01 18:00:00,22.2,2.972222222222222,4.555555555555555,134.0,116.0,56.4,2.5090616442466027,0.032222222222222215,20.828168326874277,0.2654597133846502
2026-06-01 19:00:00,21.5,2.5833333333333335,4.638888888888888,80.0,61.0,113.5,1.1807240179114635,0.035555555555555535,28.12607342404894,0.27770656093105206
2026-06-01 20:00:00,20.9,2.3333333333333335,4.666666666666667,10.0,9.0,16.7,0.07020190432334597,0.03666666666666668,24.244336690375377,0.2609765572708755
2026-06-01 21:00:00,20.2,1.8888888888888888,4.194444444444445,0.0,0.0,0.0,0.0,0.017777777777777785,21.96161955245631,0.25835758858193186
2026-06-01 22:00:00,19.4,2.388888888888889,5.083333333333333,0.0,0.0,0.0,0.0,0.05416666666666665,13.297073586683965,0.1430924883455097
2026-06-01 23:00:00,19.0,2.888888888888889,5.972222222222222,0.0,0.0,0.0,0.0,0.09861111111111111,8.231422753896211,0.13671260568267943
2026-06-02 00:00:00,18.5,2.972222222222222,6.138888888888889,0.0,0.0,0.0,0.0,0.12777777777777785,6.785939280090998,0.15093508584003096
2026-06-02 01:00:00,18.2,3.2499999999999996,6.638888888888888,0.0,0.0,0.0,0.0,0.2277777777777777,4.929515355300131,0.16309817076884883
2026-06-02 02:00:00,18.1,3.555555555555556,7.194444444444444,0.0,0.0,0.0,0.0,0.3777777777777775,5.892701459276095,0.13618030622005528
2026-06-02 03:00:00,18.2,3.944444444444444,7.833333333333333,0.0,0.0,0.0,0.0,0.6333333333333333,4.604258707611175,0.1386632974203008
2026-06-02 04:00:00,18.0,4.027777777777778,7.805555555555555,2.0,2.0,0.0,0.0,0.6222222222222221,10.930684363873645,0.14856597084850307
2026-06-02 05:00:00,16.4,3.944444444444444,6.861111111111111,35.0,32.0,25.9,0.617602906725568,0.2722222222222222,7.113729498684447,0.16126836707799205
2026-06-02 06:00:00,16.1,5.361111111111112,9.222222222222223,53.0,52.0,3.8,1.1261040690214092,1.3777777777777784,6.222314224240327,0.14129768606531995
2026-06-02 07:00:00,16.0,3.9166666666666665,7.138888888888888,74.0,74.0,0.0,1.6388586092897097,0.35555555555555535,11.106754233460627,0.14557889601791887
2026-06-02 08:00:00,18.5,3.3888888888888884,5.305555555555556,317.0,166.0,269.4,7.807481504965133,0.06527777777777781,15.7237370816849,0.23415116332201064
2026-06-02 09:00:00,20.1,4.138888888888889,6.222222222222221,552.0,170.0,557.3,14.238379376839228,0.1444444444444443,15.50645440566881,0.2191541326431309
2026-06-02 10:00:00,20.6,5.0,7.555555555555555,469.0,232.0,302.4,11.90530428054739,0.5222222222222221,11.90713852249688,0.2509055967646535
2026-06-02 11:00:00,21.5,5.166666666666667,7.611111111111111,711.0,245.0,549.3,18.051187375671095,0.5444444444444444,9.136971463573234,0.11286673587283282
2026-06-02 12:00:00,20.2,5.805555555555555,8.583333333333332,516.0,317.0,227.3,12.643559069564885,0.991666666666666,5.984668295601619,0.09936555109706485
2026-06-02 13:00:00,19.4,5.194444444444444,7.777777777777778,476.0,267.0,242.3,11.64199305914142,0.611111111111111,5.872782200229599,0.1306062460547724
2026-06-02 14:00:00,18.1,5.583333333333334,8.555555555555555,468.0,239.0,282.3,11.287131760964341,0.9777777777777776,6.608052179517452,0.1222297867245833
2026-06-02 15:00:00,18.6,4.861111111111111,7.333333333333333,416.0,192.0,309.3,9.534930724023882,0.4333333333333332,3.1794356424790315,0.13405265707524405
2026-06-02 16:00:00,18.8,5.388888888888888,8.194444444444445,401.0,187.0,351.9,8.297977147822344,0.7972222222222223,6.786786294162675,0.12515801716316494
2026-06-02 17:00:00,18.6,5.194444444444444,8.11111111111111,237.0,172.0,138.1,4.6187679681840805,0.7555555555555553,17.09133735831801,0.25739626478641664
2026-06-02 18:00:00,17.5,4.805555555555555,7.861111111111111,236.0,70.0,517.1,1.3886595694476278,0.6444444444444444,24.24346194842319,0.2657353396801656
2026-06-02 19:00:00,16.8,4.694444444444444,7.749999999999999,102.0,56.0,271.2,0.9550770820545857,0.5999999999999996,25.717716703933707,0.2723029556306233
2026-06-02 20:00:00,15.6,4.361111111111111,7.638888888888888,15.0,11.0,65.5,0.11472578316637869,0.5555555555555555,27.368902709157997,0.25886485118921926
2026-06-02 21:00:00,14.9,4.361111111111111,7.666666666666667,0.0,0.0,0.0,0.0,0.5666666666666668,21.576026830507693,0.25589920769618035
2026-06-02 22:00:00,14.2,4.722222222222222,8.222222222222223,0.0,0.0,0.0,0.0,0.8111111111111116,20.515350440339322,0.14423789824773572
2026-06-02 23:00:00,13.5,4.777777777777778,8.25,0.0,0.0,0.0,0.0,0.825,12.056318241290054,0.1561404228820994
2026-06-03 00:00:00,11.9,4.638888888888888,8.11111111111111,0.0,0.0,0.0,0.0,0.7555555555555553,6.74416481703858,0.14105560356368846
2026-06-03 01:00:00,12.4,4.5,8.0,0.0,0.0,0.0,0.0,0.7,5.088919118938028,0.1552029729997475
2026-06-03 02:00:00,12.5,4.166666666666667,7.305555555555555,0.0,0.0,0.0,0.0,0.42222222222222217,3.7871074294553146,0.16409736138321812
2026-06-03 03:00:00,12.3,4.0,6.916666666666666,0.0,0.0,0.0,0.0,0.2833333333333332,7.406941764523317,0.13781702147368255
2026-06-03 04:00:00,12.4,4.277777777777778,7.527777777777778,2.0,2.0,0.0,0.0,0.5111111111111111,5.48853260747226,0.15517806354675379
2026-06-03 05:00:00,12.6,4.916666666666666,8.083333333333334,48.0,36.0,102.3,0.6802648850494956,0.7416666666666669,4.19869497554564,0.14638728291231168
2026-06-03 06:00:00,13.7,4.694444444444444,7.722222222222222,118.0,73.0,168.6,2.1952382341684173,0.5888888888888889,6.328619471740445,0.15483150449210523
2026-06-03 07:00:00,14.6,5.166666666666667,8.0,290.0,98.0,458.8,6.678251973168843,0.7,8.515698404763393,0.12141431371774093
2026-06-03 08:00:00,15.8,5.083333333333333,7.777777777777778,434.0,131.0,539.6,11.111704344791766,0.611111111111111,19.32267645121169,0.2443314458387345
2026-06-03 09:00:00,16.9,5.555555555555555,8.416666666666666,548.0,152.0,576.9,14.488291824251922,0.908333333333333,17.71167311863416,0.2391400158762894
2026-06-03 10:00:00,18.0,6.138888888888889,9.277777777777777,691.0,170.0,664.1,18.272806200288475,1.4222222222222214,10.662859839776795,0.23162439616862623
2026-06-03 11:00:00,18.0,6.361111111111111,9.666666666666666,582.0,293.0,340.3,14.83172112848312,1.7333333333333327,10.581844321258675,0.11352205572465285
2026-06-03 12:00:00,18.0,6.027777777777778,9.222222222222223,529.0,394.0,154.0,12.71971043907509,1.3777777777777784,7.2004072061179105,0.11391707792502076
2026-06-03 13:00:00,18.1,6.499999999999999,10.055555555555555,436.0,353.0,96.1,10.309713645289968,2.0277777777777777,5.301850278862432,0.12435780544872582
2026-06-03 14:00:00,18.4,6.416666666666667,9.972222222222221,394.0,307.0,107.1,9.243990422311327,1.9777777777777772,10.204403728360054,0.13490565049469433
2026-06-03 15:00:00,17.1,5.5,9.0,287.0,243.0,60.6,6.613102347688341,1.2,8.861098059319518,0.13340249296468093
2026-06-03 16:00:00,16.8,5.388888888888888,8.833333333333334,211.0,185.0,42.6,4.7480837704483765,1.116666666666667,7.742676109906867,0.1224740179244041
2026-06-03 17:00:00,16.4,6.555555555555555,11.083333333333332,152.0,136.0,33.9,3.292472662368996,2.541666666666666,13.976911467261743,0.27361040486779087
2026-06-03 18:00:00,15.9,6.527777777777778,11.166666666666668,83.0,75.0,24.8,1.6576407575216914,2.583333333333334,19.202290014651105,0.27099449876441034
2026-06-03 19:00:00,15.8,6.75,11.61111111111111,36.0,33.0,17.5,0.6485879496492979,2.8055555555555554,23.45018932111779,0.2734598270814902
2026-06-03 20:00:00,16.1,6.75,11.527777777777777,6.0,6.0,0.0,0.004361448982010008,2.7638888888888884,28.068143878109744,0.26145791119659884
2026-06-03 21:00:00,15.3,5.277777777777778,9.166666666666666,0.0,0.0,0.0,0.0,1.3333333333333328,24.77235980236088,0.27476656410697975
2026-06-03 22:00:00,15.1,4.861111111111111,8.222222222222223,0.0,0.0,0.0,0.0,0.8111111111111116,11.560453675790564,0.14681593216962474
2026-06-03 23:00:00,14.9,5.222222222222222,8.833333333333334,0.0,0.0,0.0,0.0,1.116666666666667,10.943106891802042,0.15453698931124477
2026-06-04 00:00:00,13.9,4.555555555555555,7.972222222222221,0.0,0.0,0.0,0.0,0.6888888888888886,5.69871486175646,0.13819779090923973
2026-06-04 01:00:00,14.0,4.166666666666667,7.416666666666666,0.0,0.0,0.0,0.0,0.4666666666666664,6.025749232609487,0.15473535913809108
2026-06-04 02:00:00,14.0,3.861111111111111,7.166666666666667,0.0,0.0,0.0,0.0,0.3666666666666668,5.815212221492722,0.16498241177311998
2026-06-04 03:00:00,13.9,4.694444444444444,8.305555555555555,0.0,0.0,0.0,0.0,0.8527777777777777,5.272032953429239,0.13644636116581668
2026-06-04 04:00:00,14.2,5.75,9.916666666666668,1.0,1.0,0.0,0.0,1.9333333333333345,7.098277353930521,0.16431522552663952
2026-06-04 05:00:00,14.2,5.333333333333333,9.249999999999998,33.0,32.0,8.4,0.6342663805680686,1.3999999999999986,5.381302161918914,0.14541219592916266
2026-06-04 06:00:00,14.4,5.5,9.416666666666666,101.0,82.0,70.9,2.076385429488163,1.5333333333333328,8.162678891785175,0.15524620674445005
2026-06-04 07:00:00,14.8,5.416666666666667,9.277777777777777,145.0,133.0,28.6,3.3362811224116697,1.4222222222222214,10.578318193093908,0.1490295258141606
2026-06-04 08:00:00,14.7,5.388888888888888,8.86111111111111,168.0,165.0,5.3,3.8969727561574103,1.1305555555555555,15.47049708733374,0.26098163077109937
2026-06-04 09:00:00,15.6,5.388888888888888,8.527777777777777,328.0,274.0,78.6,7.887477183098038,0.9638888888888885,14.13326628065206,0.25483105735194533
2026-06-04 10:00:00,15.2,7.805555555555555,12.0,563.0,298.0,337.4,14.57386940430805,3.0,9.525262461273364,0.24010983015979903
2026-06-04 11:00:00,16.6,6.861111111111111,10.36111111111111,608.0,275.0,391.7,15.737646411717233,2.1805555555555554,9.132738495130136,0.1025849573702304
2026-06-04 12:00:00,17.1,6.666666666666666,9.916666666666668,652.0,348.0,346.5,16.349746389979774,1.9333333333333345,8.047504966071436,0.09853943300625762
2026-06-04 13:00:00,15.7,4.444444444444445,6.861111111111111,522.0,334.0,217.4,12.729343485113693,0.2722222222222222,5.069308191921857,0.1190023740028957
2026-06-04 14:00:00,16.7,6.527777777777778,10.11111111111111,613.0,206.0,500.2,14.98723769976577,2.0555555555555554,7.356820184679192,0.11681986431056642
2026-06-04 15:00:00,17.0,6.694444444444445,10.36111111111111,607.0,156.0,620.2,13.88277273765622,2.1805555555555554,9.28605221869378,0.11857879615178177
2026-06-04 16:00:00,17.2,6.499999999999999,10.222222222222221,517.0,111.0,664.0,10.25666919829521,2.1111111111111107,6.478357856317036,0.1299069192669654
2026-06-04 17:00:00,17.0,6.083333333333333,9.666666666666666,393.0,86.0,647.4,5.5533160463512266,1.7333333333333327,15.44430920818883,0.252351010593109
2026-06-04 18:00:00,16.5,5.277777777777778,8.833333333333334,252.0,68.0,566.3,1.376673835660123,1.116666666666667,19.628279003528927,0.2756388896888917
2026-06-04 19:00:00,15.5,5.194444444444444,8.916666666666666,108.0,50.0,333.9,0.7949130248670553,1.158333333333333,27.356986120232783,0.25635658127995076
2026-06-04 20:00:00,14.6,5.083333333333333,8.916666666666666,15.0,10.0,79.4,0.09058382838974136,1.158333333333333,24.68927046996143,0.27107831084505835
2026-06-04 21:00:00,13.9,5.166666666666667,9.055555555555555,0.0,0.0,0.0,0.0,1.2444444444444442,17.34376232009158,0.25517275981494364
2026-06-04 22:00:00,13.4,5.027777777777778,8.916666666666666,0.0,0.0,0.0,0.0,1.158333333333333,11.102503947662521,0.14473757489700811
2026-06-04 23:00:00,13.0,5.055555555555555,8.972222222222221,0.0,0.0,0.0,0.0,1.186111111111111,9.913338311743665,0.14599384604614193
2026-06-05 00:00:00,13.0,5.0,8.916666666666666,0.0,0.0,0.0,0.0,1.158333333333333,7.519445003443077,0.14688518074827767
2026-06-05 01:00:00,12.8,4.833333333333333,8.666666666666666,0.0,0.0,0.0,0.0,1.033333333333333,5.1913667499300615,0.15586401620069587
2026-06-05 02:00:00,12.6,5.0,8.777777777777779,0.0,0.0,0.0,0.0,1.0888888888888892,8.277184987525207,0.14665674303811035
2026-06-05 03:00:00,12.4,4.916666666666666,8.694444444444445,0.0,0.0,0.0,0.0,1.0472222222222225,3.6769743682509515,0.14846080867867592
2026-06-05 04:00:00,12.4,4.75,8.36111111111111,3.0,3.0,0.0,0.0,0.8805555555555554,6.869074500746234,0.14212632392622981
2026-06-05 05:00:00,12.9,4.527777777777778,7.666666666666667,40.0,36.0,33.4,0.7205054760432782,0.5666666666666668,4.621169995216076,0.14415844482963186
2026-06-05 06:00:00,12.8,4.416666666666667,7.083333333333333,98.0,91.0,26.0,2.158215656945419,0.3333333333333332,6.31809302462118,0.13571010360186758
2026-06-05 07:00:00,13.7,4.388888888888889,6.833333333333334,255.0,130.0,297.4,5.8750406721574135,0.2666666666666668,10.773591754625011,0.1205688731532388
2026-06-05 08:00:00,14.8,4.472222222222222,6.777777777777777,442.0,157.0,506.0,11.225071834160524,0.25555555555555537,14.227566450498655,0.24133528273920896
2026-06-05 09:00:00,15.6,4.027777777777778,6.0,520.0,161.0,521.8,13.677657883753758,0.1,15.179282516275606,0.23633712342701327
2026-06-05 10:00:00,16.5,4.138888888888889,6.138888888888889,595.0,195.0,508.8,15.607922121410647,0.12777777777777785,12.69139074083891,0.22941259196214875
2026-06-05 11:00:00,17.4,4.111111111111112,6.0,748.0,205.0,638.0,19.307812551023414,0.1,6.4681723044323265,0.09426161027254844
2026-06-05 12:00:00,17.6,4.138888888888889,6.055555555555555,485.0,340.0,165.1,11.7475222121757,0.11111111111111108,8.717054814952958,0.11314680690824548
2026-06-05 13:00:00,15.9,3.9722222222222223,6.027777777777778,473.0,373.0,115.5,11.226945524393741,0.10555555555555554,4.765004972203723,0.12912653167762408
2026-06-05 14:00:00,17.8,4.166666666666667,6.083333333333333,599.0,207.0,481.1,14.425090214158322,0.1166666666666666,8.217763929651305,0.10974787817655636
2026-06-05 15:00:00,17.0,4.416666666666667,6.75,499.0,159.0,466.7,11.416801365826855,0.25,10.666415213266003,0.1170646658236082
2026-06-05 16:00:00,17.1,3.8333333333333335,5.777777777777778,395.0,161.0,381.8,8.119382394076935,0.08888888888888889,4.873879418305201,0.11279052606024745
2026-06-05 17:00:00,16.8,3.638888888888889,5.5,313.0,107.0,432.9,4.815618667936953,0.075,12.763798312488007,0.25160870985168377
2026-06-05 18:00:00,16.2,2.2777777777777777,3.555555555555556,229.0,72.0,480.6,1.4761968510811707,0.005555555555555558,22.1076707757817,0.26222807080118216
2026-06-05 19:00:00,15.6,0.9444444444444444,2.4166666666666665,105.0,44.0,347.4,0.6753809365380576,0.0,25.809698010960478,0.265053281865953
2026-06-05 20:00:00,14.6,1.8888888888888888,4.111111111111112,17.0,11.0,93.9,0.11099799282504105,0.014444444444444465,26.95808052978908,0.27209103467576007
2026-06-05 21:00:00,13.8,2.055555555555556,4.472222222222222,0.0,0.0,0.0,0.0,0.028888888888888895,19.745556147988978,0.27100807640180635
2026-06-05 22:00:00,13.1,2.0277777777777777,4.388888888888889,0.0,0.0,0.0,0.0,0.02555555555555557,14.530768398374647,0.15323715278380334
2026-06-05 23:00:00,12.6,1.75,3.7777777777777777,0.0,0.0,0.0,0.0,0.007777777777777777,9.50581394763674,0.15794649784626386
2026-06-06 00:00:00,12.1,2.1666666666666665,4.861111111111111,0.0,0.0,0.0,0.0,0.044444444444444425,7.335564123319728,0.1593895721614828
2026-06-06 01:00:00,11.9,2.4166666666666665,5.5,0.0,0.0,0.0,0.0,0.075,5.508841686741305,0.15654369228679482
2026-06-06 02:00:00,11.9,2.9166666666666665,6.305555555555555,0.0,0.0,0.0,0.0,0.1611111111111111,5.675205394120864,0.16366571087864804
2026-06-06 03:00:00,11.8,3.194444444444444,6.805555555555555,0.0,0.0,0.0,0.0,0.26111111111111107,4.176260560543937,0.13554697748029085
2026-06-06 04:00:00,11.9,3.138888888888889,6.694444444444445,3.0,3.0,0.0,0.0,0.2388888888888889,4.02602164989588,0.14087333957050638
2026-06-06 05:00:00,12.6,3.2777777777777777,6.694444444444445,41.0,40.0,8.3,0.8334006213856346,0.2388888888888889,4.178086019101747,0.13286827178092003
2026-06-06 06:00:00,13.4,3.2777777777777777,6.472222222222222,87.0,79.0,29.6,1.876144775003956,0.19444444444444445,6.410669524982092,0.14911454750597325
2026-06-06 07:00:00,15.3,3.222222222222222,5.333333333333333,297.0,150.0,349.1,6.746585667967911,0.06666666666666665,7.836825450351657,0.14284734470888677
2026-06-06 08:00:00,17.0,3.9722222222222223,6.111111111111111,508.0,113.0,700.4,12.856175862614075,0.12222222222222215,14.527942894859386,0.2259200919001226
2026-06-06 09:00:00,17.8,4.694444444444444,7.25,502.0,178.0,470.5,13.019795479387279,0.4,18.099195202026134,0.24596359802238918
2026-06-06 10:00:00,18.0,4.972222222222221,7.777777777777778,373.0,217.0,198.3,9.433038724025954,0.611111111111111,10.421054529273414,0.230111495398565
2026-06-06 11:00:00,18.6,5.638888888888889,8.63888888888889,564.0,299.0,311.1,14.203970644793841,1.0194444444444446,4.969908979142942,0.122834297875275
2026-06-06 12:00:00,19.5,5.805555555555555,8.666666666666666,681.0,245.0,496.0,17.238577005137344,1.033333333333333,7.4480984351505635,0.09676163139257862
2026-06-06 13:00:00,18.6,6.833333333333334,10.777777777777777,476.0,280.0,226.1,11.666016811761256,2.3888888888888884,4.208267935475856,0.105026527510818
2026-06-06 14:00:00,17.2,5.583333333333334,9.055555555555555,217.0,211.0,7.4,4.996173946452095,1.2444444444444442,2.0,0.1354364367080957
2026-06-06 15:00:00,17.4,5.444444444444445,8.722222222222221,264.0,234.0,41.1,6.067472495995057,1.061111111111111,3.767105350115393,0.12553168946546497
2026-06-06 16:00:00,18.1,5.555555555555555,8.694444444444445,475.0,155.0,520.9,9.568783591751053,1.0472222222222225,4.075584576508068,0.11646548799818231
2026-06-06 17:00:00,14.4,5.722222222222222,8.86111111111111,251.0,115.0,284.8,4.2444583733379035,1.1305555555555555,11.654561855346342,0.2522064197712571
2026-06-06 18:00:00,14.2,3.6944444444444446,6.444444444444444,127.0,113.0,42.6,2.5543764073392676,0.18888888888888875,18.990363279799723,0.2718616136759762
2026-06-06 19:00:00,14.7,5.138888888888888,8.944444444444445,69.0,38.0,174.7,0.676376144642987,1.1722222222222225,27.56866340759703,0.2692606201920451
2026-06-06 20:00:00,14.2,5.583333333333334,9.694444444444445,13.0,9.0,61.7,0.07046425329099058,1.7555555555555558,24.869643530574788,0.2641398094683192
2026-06-06 21:00:00,14.3,5.5,9.527777777777777,0.0,0.0,0.0,0.0,1.6222222222222216,18.515325463802892,0.2733100134993276
2026-06-06 22:00:00,14.1,6.222222222222221,10.694444444444445,0.0,0.0,0.0,0.0,2.3472222222222223,14.016399985795825,0.1564845202266958
2026-06-06 23:00:00,13.5,6.361111111111111,10.916666666666666,0.0,0.0,0.0,0.0,2.458333333333333,3.39489780040513,0.14317872002200602
2026-06-07 00:00:00,13.1,6.222222222222221,10.666666666666666,0.0,0.0,0.0,0.0,2.333333333333333,5.471229116217246,0.14740647304576054
2026-06-07 01:00:00,12.4,5.916666666666667,10.222222222222221,0.0,0.0,0.0,0.0,2.1111111111111107,6.541730387912812,0.13865658280010842
2026-06-07 02:00:00,12.2,5.555555555555555,9.666666666666666,0.0,0.0,0.0,0.0,1.7333333333333327,2.0428275784107766,0.1404344804860404
2026-06-07 03:00:00,11.9,5.333333333333333,9.305555555555555,0.0,0.0,0.0,0.0,1.4444444444444444,7.287522579202729,0.1554335356189495
2026-06-07 04:00:00,11.9,5.111111111111111,8.86111111111111,2.0,2.0,0.0,0.0,1.1305555555555555,5.678226913029695,0.1404431504308688
2026-06-07 05:00:00,12.1,4.972222222222221,8.444444444444445,39.0,33.0,49.3,0.643208053854242,0.9222222222222223,4.212626566939386,0.1489345527088491
2026-06-07 06:00:00,12.6,5.0,7.972222222222221,162.0,90.0,265.9,2.904469055510182,0.6888888888888886,6.887328972438068,0.1480514242931783
2026-06-07 07:00:00,13.5,5.666666666666666,8.86111111111111,222.0,145.0,182.5,5.129771798652082,1.1305555555555555,13.220180127600974,0.12368849516241859
2026-06-07 08:00:00,14.1,5.361111111111112,8.277777777777779,256.0,195.0,108.0,6.2013337651595135,0.8388888888888892,14.312125691183551,0.2544689170611066
2026-06-07 09:00:00,14.7,5.083333333333333,7.777777777777778,324.0,258.0,95.7,7.883124788708652,0.611111111111111,14.44483477733593,0.2403867823352965
2026-06-07 10:00:00,15.4,4.583333333333333,6.972222222222222,360.0,318.0,53.3,8.545982153129676,0.29444444444444445,7.760083323329541,0.2597017465926245
2026-06-07 11:00:00,16.2,4.25,6.388888888888888,439.0,342.0,113.8,10.601082337388382,0.17777777777777767,3.922267304549041,0.11950415253217846
2026-06-07 12:00:00,16.9,4.277777777777778,6.305555555555555,424.0,336.0,100.0,10.133708137429426,0.1611111111111111,6.7063422239111645,0.13050027948017368
2026-06-07 13:00:00,17.5,3.888888888888889,5.805555555555555,515.0,377.0,159.0,12.215690209635666,0.09027777777777778,3.312251029701225,0.116935063377891
2026-06-07 14:00:00,17.7,3.8055555555555554,5.722222222222222,425.0,347.0,95.5,9.85567739295005,0.08611111111111111,5.301288048259525,0.10840973624116683
2026-06-07 15:00:00,17.5,3.7222222222222223,5.638888888888889,318.0,269.0,67.0,7.275395893292104,0.08194444444444446,4.827963078419968,0.13340437901319888
2026-06-07 16:00:00,17.6,3.5,5.361111111111112,256.0,211.0,73.1,5.6726636662921734,0.06805555555555558,8.775128070052563,0.14748784466032347
2026-06-07 17:00:00,17.6,3.6944444444444446,5.611111111111111,227.0,184.0,89.8,4.66764601879492,0.08055555555555555,13.024913034002857,0.2598384083301621
2026-06-07 18:00:00,16.8,2.7222222222222223,4.666666666666667,111.0,101.0,30.3,2.253649716196357,0.03666666666666668,21.02860640993642,0.2731975917917583
